allergy,base,brand,calorie_calculator,category,default_dressing,description,dressing,dressing_type,id,image_url,included_dressing,menu_type,name_en,name_ko,nav_category,nutrition,nutrition_pdf,recommended_dressing,tags,toppings_text,url,vegetables
[],"파스타면, 채소",salady,"{""name"": ""고추장제육 들기름파스타 누들볼"", ""base_kcal"": 350.7, ""addon_kcal"": {""vegetable"": 3.0, ""grain"": 158.1, ""buckwheat"": 67.9, ""noodles"": 100.05}}",새로운 메뉴,오리엔탈,,"{""name"": ""오리엔탈"", ""type"": """", ""official"": ""오리엔탈""}",,124,https://salady.com:443/superboard/data/product/thumb/2038866161_9VMATkZY_87fd47c51af42620ef50c3426c56befe26dc14bb.png,,main,Gochujang Bulgogi Perilla Oil Pasta,고추장제육 들기름파스타 누들볼,새로운 메뉴,"{""메뉴"": ""고추장제육 들기름파스타 누들볼"", ""열량(kcal)"": ""350.7"", ""탄수화물(g)"": ""48.2"", ""당류(g)"": ""7.5"", ""단백질(g)"": ""17.5"", ""지방(g)"": ""10.5"", ""포화지방(g)"": ""1.8"", ""나트륨(mg)"": ""627.8""}","{""메뉴"": ""고추장제육 들기름파스타 누들볼"", ""열량(kcal)"": ""350.7"", ""탄수화물(g)"": ""48.2"", ""당류(g)"": ""7.5"", ""단백질(g)"": ""17.5"", ""지방(g)"": ""10.5"", ""포화지방(g)"": ""1.8"", ""나트륨(mg)"": ""627.8""}",,"[""NEW""]","고추장제육, 바베큐소스, 머쉬룸, 적채, 양파, 후리가케, (저당) 들기름소이",https://salady.com/menu/view_1?idx=124&ca_id=,[]
[],"파스타면, 채소",salady,"{""name"": ""고추장제육 간장메밀 누들볼"", ""base_kcal"": 412.1, ""addon_kcal"": {""vegetable"": 3.0, ""grain"": 158.1, ""buckwheat"": 67.9, ""noodles"": 100.05}}",새로운 메뉴,청양간장 소스포함(*별도 드레싱 미제공),,"{""name"": ""청양간장 소스포함"", ""type"": """", ""official"": ""청양간장 소스포함""}",,151,https://salady.com:443/superboard/data/product/thumb/2038866161_E7Vp3YzZ_4a641389599f59609d6fb2f238ee6cc46541bfea.png,,main,Gochujang Bulgogi Soy Buckwheat Noodles,고추장제육 간장메밀 누들볼,새로운 메뉴,"{""메뉴"": ""고추장제육 간장메밀 누들볼"", ""열량(kcal)"": ""412.1"", ""탄수화물(g)"": ""49.2"", ""당류(g)"": ""12.4"", ""단백질(g)"": ""20.2"", ""지방(g)"": ""15.7"", ""포화지방(g)"": ""2.8"", ""나트륨(mg)"": ""1612.0""}","{""메뉴"": ""고추장제육 간장메밀 누들볼"", ""열량(kcal)"": ""412.1"", ""탄수화물(g)"": ""49.2"", ""당류(g)"": ""12.4"", ""단백질(g)"": ""20.2"", ""지방(g)"": ""15.7"", ""포화지방(g)"": ""2.8"", ""나트륨(mg)"": ""1612.0""}",,"[""NEW""]","고추장제육, 바베큐소스, 머쉬룸, 적채, 양파, 당근라페, 참기름, 청양간장 드레싱",https://salady.com/menu/view_1?idx=151&ca_id=,[]
[],"곡물, 채소",salady,"{""name"": ""고추장제육 포케볼"", ""base_kcal"": 468.8, ""addon_kcal"": {""vegetable"": 3.0, ""grain"": 158.1, ""buckwheat"": 67.9, ""noodles"": 100.05}}",새로운 메뉴,고추장비빔,,"{""name"": ""고추장비빔"", ""type"": """", ""official"": ""고추장비빔""}",,152,https://salady.com:443/superboard/data/product/thumb/2038866161_XO7GjB9N_279a5164fbdc802b490497174bfec770df98699b.png,,main,Gochujang Bulgogi Poke,고추장제육 포케볼,새로운 메뉴,"{""메뉴"": ""고추장제육 포케볼"", ""열량(kcal)"": ""468.8"", ""탄수화물(g)"": ""70.4"", ""당류(g)"": ""9.3"", ""단백질(g)"": ""20.2"", ""지방(g)"": ""12.6"", ""포화지방(g)"": ""3.6"", ""나트륨(mg)"": ""474.1""}","{""메뉴"": ""고추장제육 포케볼"", ""열량(kcal)"": ""468.8"", ""탄수화물(g)"": ""70.4"", ""당류(g)"": ""9.3"", ""단백질(g)"": ""20.2"", ""지방(g)"": ""12.6"", ""포화지방(g)"": ""3.6"", ""나트륨(mg)"": ""474.1""}",,"[""NEW""]","고추장제육, 머쉬룸, 적채, 양파, 옥수수, 양파플레이크, 후리가케",https://salady.com/menu/view_1?idx=152&ca_id=,[]
[],채소,salady,"{""name"": ""불고기 반미 샌드위치"", ""base_kcal"": 578.7, ""addon_kcal"": {""vegetable"": 3.0, ""grain"": 158.1, ""buckwheat"": 67.9, ""noodles"": 100.05}}",베스트 메뉴,크리미칠리,,"{""name"": ""크리미칠리"", ""type"": """", ""official"": ""크리미칠리""}",,149,https://salady.com:443/superboard/data/product/thumb/2038866161_dSxQez2q_d19c59898675900d365a060893ed27ff88b4f663.png,,main,Bulgogi Banh mi Sandwich,불고기 반미 샌드위치,베스트 메뉴,"{""메뉴"": ""불고기 반미 샌드위치"", ""열량(kcal)"": ""578.7"", ""탄수화물(g)"": ""61.3"", ""당류(g)"": ""14.1"", ""단백질(g)"": ""18.7"", ""지방(g)"": ""28.9"", ""포화지방(g)"": ""8.1"", ""나트륨(mg)"": ""899.0""}","{""메뉴"": ""불고기 반미 샌드위치"", ""열량(kcal)"": ""578.7"", ""탄수화물(g)"": ""61.3"", ""당류(g)"": ""14.1"", ""단백질(g)"": ""18.7"", ""지방(g)"": ""28.9"", ""포화지방(g)"": ""8.1"", ""나트륨(mg)"": ""899.0""}",,"[""BEST""]","우삼겹, 양파, 적채, 당근라페, 화이트치즈",https://salady.com/menu/view_1?idx=149&ca_id=,[]
[],채소,salady,"{""name"": ""클래식 치킨 샌드위치"", ""base_kcal"": 469.0, ""addon_kcal"": {""vegetable"": 3.0, ""grain"": 158.1, ""buckwheat"": 67.9, ""noodles"": 100.05}}",베스트 메뉴,시저,,"{""name"": ""시저"", ""type"": """", ""official"": ""시저""}",,125,https://salady.com:443/superboard/data/product/thumb/2038866161_bG8Qzx3Z_1fd1c9399cf04d1ddfc750050b82c464458bde96.png,,main,Classic Chicken Sandwich,클래식 치킨 샌드위치,베스트 메뉴,"{""메뉴"": ""클래식 치킨 샌드위치"", ""열량(kcal)"": ""469.0"", ""탄수화물(g)"": ""60.8"", ""당류(g)"": ""13.3"", ""단백질(g)"": ""17.3"", ""지방(g)"": ""17.8"", ""포화지방(g)"": ""3.4"", ""나트륨(mg)"": ""733.8""}","{""메뉴"": ""클래식 치킨 샌드위치"", ""열량(kcal)"": ""469.0"", ""탄수화물(g)"": ""60.8"", ""당류(g)"": ""13.3"", ""단백질(g)"": ""17.3"", ""지방(g)"": ""17.8"", ""포화지방(g)"": ""3.4"", ""나트륨(mg)"": ""733.8""}",,"[""BEST""]","시즈닝 닭가슴살, 크랜베리, 토마토, 화이트치즈",https://salady.com/menu/view_1?idx=125&ca_id=,[]
[],"곡물, 채소",salady,"{""name"": ""그라브락스 연어 포케볼"", ""base_kcal"": 461.3, ""addon_kcal"": {""vegetable"": 3.0, ""grain"": 158.1, ""buckwheat"": 67.9, ""noodles"": 100.05}}",베스트 메뉴,(저당) 참깨소이,,"{""name"": ""(저당) 참깨소이"", ""type"": """", ""official"": ""(저당) 참깨소이""}",,113,https://salady.com:443/superboard/data/product/thumb/2038866161_lmidSNn9_77de7ed5d9dfc0b939a942e249e86c98236392b5.png,,main,Gravlax Salmon Poke,그라브락스 연어 포케볼,베스트 메뉴,"{""메뉴"": ""그라브락스 연어 포케볼"", ""열량(kcal)"": ""461.3"", ""탄수화물(g)"": ""62.5"", ""당류(g)"": ""4.4"", ""단백질(g)"": ""22.0"", ""지방(g)"": ""14.0"", ""포화지방(g)"": ""3.1"", ""나트륨(mg)"": ""577.1""}","{""메뉴"": ""그라브락스 연어 포케볼"", ""열량(kcal)"": ""461.3"", ""탄수화물(g)"": ""62.5"", ""당류(g)"": ""4.4"", ""단백질(g)"": ""22.0"", ""지방(g)"": ""14.0"", ""포화지방(g)"": ""3.1"", ""나트륨(mg)"": ""577.1""}",,"[""BEST"", ""LOW SUGAR""]","그라브락스 연어, 양파플레이크, 양파, 적채, 후리가케, 옥수수, 엑스트라버진 올리브오일",https://salady.com/menu/view_1?idx=113&ca_id=,[]
[],"곡물, 채소",salady,"{""name"": ""칠리베이컨 곡물랩"", ""base_kcal"": 730.4, ""addon_kcal"": {""vegetable"": 3.0, ""grain"": 158.1, ""buckwheat"": 67.9, ""noodles"": 100.05}}",베스트 메뉴,크리미칠리,,"{""name"": ""크리미칠리"", ""type"": """", ""official"": ""크리미칠리""}",,57,https://salady.com:443/superboard/data/product/thumb/2038866161_buiHj4vQ_dca3231a61b98cfbdd667bee916b51a8cf9a858c.png,,main,Chilli Bacon Grain Wrap,칠리베이컨 곡물랩,베스트 메뉴,"{""메뉴"": ""칠리베이컨 곡물랩"", ""열량(kcal)"": ""730.4"", ""탄수화물(g)"": ""75.5"", ""당류(g)"": ""12.9"", ""단백질(g)"": ""21.5"", ""지방(g)"": ""37.6"", ""포화지방(g)"": ""10.9"", ""나트륨(mg)"": ""1067.1""}","{""메뉴"": ""칠리베이컨 곡물랩"", ""열량(kcal)"": ""730.4"", ""탄수화물(g)"": ""75.5"", ""당류(g)"": ""12.9"", ""단백질(g)"": ""21.5"", ""지방(g)"": ""37.6"", ""포화지방(g)"": ""10.9"", ""나트륨(mg)"": ""1067.1""}",,"[""BEST""]","에그, 칩베이컨, 옥수수, 양파플레이크",https://salady.com/menu/view_1?idx=57&ca_id=,[]
[],채소,salady,"{""name"": ""멕시칸 랩"", ""base_kcal"": 607.4, ""addon_kcal"": {""vegetable"": 3.0, ""grain"": 0.0, ""buckwheat"": 67.9, ""noodles"": 100.05}}",베스트 메뉴,크리미칠리,,"{""name"": ""크리미칠리"", ""type"": """", ""official"": ""크리미칠리""}",,53,https://salady.com:443/superboard/data/product/thumb/2038866161_PhGYkOcZ_cea528eb358900f920ef1e9e9f1abb547cafc6ff.png,,main,Mexican Wrap,멕시칸 랩,베스트 메뉴,"{""메뉴"": ""멕시칸 랩"", ""열량(kcal)"": ""607.4"", ""탄수화물(g)"": ""52.5"", ""당류(g)"": ""10.9"", ""단백질(g)"": ""19.4"", ""지방(g)"": ""35.1"", ""포화지방(g)"": ""9.9"", ""나트륨(mg)"": ""931.2""}","{""메뉴"": ""멕시칸 랩"", ""열량(kcal)"": ""607.4"", ""탄수화물(g)"": ""52.5"", ""당류(g)"": ""10.9"", ""단백질(g)"": ""19.4"", ""지방(g)"": ""35.1"", ""포화지방(g)"": ""9.9"", ""나트륨(mg)"": ""931.2""}",,"[""BEST""]","그라운드비프, 나쵸칩, 사워크림",https://salady.com/menu/view_1?idx=53&ca_id=,[]
[],"곡물, 채소",salady,"{""name"": ""칠리베이컨 포케볼"", ""base_kcal"": 485.2, ""addon_kcal"": {""vegetable"": 3.0, ""grain"": 158.1, ""buckwheat"": 67.9, ""noodles"": 100.05}}",베스트 메뉴,크리미칠리,,"{""name"": ""크리미칠리"", ""type"": """", ""official"": ""크리미칠리""}",,45,https://salady.com:443/superboard/data/product/thumb/2038866161_4cXO37fv_aa7a4de62729d6245568d79483f34173f00a96ba.png,,main,Chilli Bacon Poke,칠리베이컨 포케볼,베스트 메뉴,"{""메뉴"": ""칠리베이컨 포케볼"", ""열량(kcal)"": ""485.2"", ""탄수화물(g)"": ""61.7"", ""당류(g)"": ""4.5"", ""단백질(g)"": ""18.7"", ""지방(g)"": ""18.0"", ""포화지방(g)"": ""5.9"", ""나트륨(mg)"": ""268.1""}","{""메뉴"": ""칠리베이컨 포케볼"", ""열량(kcal)"": ""485.2"", ""탄수화물(g)"": ""61.7"", ""당류(g)"": ""4.5"", ""단백질(g)"": ""18.7"", ""지방(g)"": ""18.0"", ""포화지방(g)"": ""5.9"", ""나트륨(mg)"": ""268.1""}",,"[""BEST""]","찹베이컨, 에그, 옥수수, 양파플레이크, 양파, 적채, 후리가케",https://salady.com/menu/view_1?idx=45&ca_id=,[]
[],채소,salady,"{""name"": ""로스트닭다리살 샐러디"", ""base_kcal"": 259.2, ""addon_kcal"": {""vegetable"": 3.0, ""grain"": 158.1, ""buckwheat"": 67.9, ""noodles"": 100.05}}",베스트 메뉴,크리미할라피뇨,,"{""name"": ""크리미할라피뇨"", ""type"": """", ""official"": ""크리미할라피뇨""}",,62,https://salady.com:443/superboard/data/product/thumb/2038866161_DcRdGeMt_74e2560d1de479977fae4f87a15c937483bec320.png,,main,Roast Chicken Thigh Salady,로스트닭다리살 샐러디,베스트 메뉴,"{""메뉴"": ""로스트닭다리살 샐러디"", ""열량(kcal)"": ""259.2"", ""탄수화물(g)"": ""29.7"", ""당류(g)"": ""12.2"", ""단백질(g)"": ""13.2"", ""지방(g)"": ""9.6"", ""포화지방(g)"": ""3.9"", ""나트륨(mg)"": ""471.9""}","{""메뉴"": ""로스트닭다리살 샐러디"", ""열량(kcal)"": ""259.2"", ""탄수화물(g)"": ""29.7"", ""당류(g)"": ""12.2"", ""단백질(g)"": ""13.2"", ""지방(g)"": ""9.6"", ""포화지방(g)"": ""3.9"", ""나트륨(mg)"": ""471.9""}",,"[""BEST""]","로스트 닭다리살, 단호박, 토마토, 양파, 옥수수, 할라피뇨,양파플레이크",https://salady.com/menu/view_1?idx=62&ca_id=,[]
[],채소,salady,"{""name"": ""그라브락스 연어 샐러디"", ""base_kcal"": 290.3, ""addon_kcal"": {""vegetable"": 3.0, ""grain"": 158.1, ""buckwheat"": 67.9, ""noodles"": 100.05}}",베스트 메뉴,(저당) 레몬허브,,"{""name"": ""(저당) 레몬허브"", ""type"": """", ""official"": ""(저당) 레몬허브""}",,44,https://salady.com:443/superboard/data/product/thumb/2038866161_iZzhbpGV_297ad490fed31a52e7f3b2787585b9b936236de8.png,,main,Gravlax Salmon Salady,그라브락스 연어 샐러디,베스트 메뉴,"{""메뉴"": ""그라브락스 연어 샐러디"", ""열량(kcal)"": ""290.3"", ""탄수화물(g)"": ""6.4"", ""당류(g)"": ""3.7"", ""단백질(g)"": ""20.8"", ""지방(g)"": ""19.8"", ""포화지방(g)"": ""3.5"", ""나트륨(mg)"": ""441.0""}","{""메뉴"": ""그라브락스 연어 샐러디"", ""열량(kcal)"": ""290.3"", ""탄수화물(g)"": ""6.4"", ""당류(g)"": ""3.7"", ""단백질(g)"": ""20.8"", ""지방(g)"": ""19.8"", ""포화지방(g)"": ""3.5"", ""나트륨(mg)"": ""441.0""}",,"[""BEST"", ""LOW SUGAR""]","그라브락스 연어, 에그, 양파, 당근라페, 엑스트라버진 올리브오일",https://salady.com/menu/view_1?idx=44&ca_id=,[]
[],"메밀면, 채소",salady,"{""name"": ""우삼겹메밀면 누들볼"", ""base_kcal"": 406.6, ""addon_kcal"": {""vegetable"": 3.0, ""grain"": 158.1, ""buckwheat"": 67.9, ""noodles"": 100.05}}",베스트 메뉴,오리엔탈,,"{""name"": ""오리엔탈"", ""type"": """", ""official"": ""오리엔탈""}",,39,https://salady.com:443/superboard/data/product/thumb/2038866161_u8amJgvc_0671d001efbce41641cf6f59875820e5a2b1d250.png,,main,Beef Loin Buckwheat Noodles,우삼겹메밀면 누들볼,베스트 메뉴,"{""메뉴"": ""우삼겹메밀면 누들볼"", ""열량(kcal)"": ""406.6"", ""탄수화물(g)"": ""36.1"", ""당류(g)"": ""5.0"", ""단백질(g)"": ""18.0"", ""지방(g)"": ""21.2"", ""포화지방(g)"": ""6.1"", ""나트륨(mg)"": ""350.3""}","{""메뉴"": ""우삼겹메밀면 누들볼"", ""열량(kcal)"": ""406.6"", ""탄수화물(g)"": ""36.1"", ""당류(g)"": ""5.0"", ""단백질(g)"": ""18.0"", ""지방(g)"": ""21.2"", ""포화지방(g)"": ""6.1"", ""나트륨(mg)"": ""350.3""}",,"[""BEST""]","우삼겹, 적채, 양파, 견과류",https://salady.com/menu/view_1?idx=39&ca_id=,[]
[],채소,salady,"{""name"": ""타코 쉬림프 랩"", ""base_kcal"": 501.1, ""addon_kcal"": {""vegetable"": 3.0, ""grain"": 0.0, ""buckwheat"": 67.9, ""noodles"": 100.05}}",베스트 메뉴,허니머스타드,,"{""name"": ""허니머스타드"", ""type"": """", ""official"": ""허니머스타드""}",,147,https://salady.com:443/superboard/data/product/thumb/2038866161_jZW1sk6z_b6396ed6181d474d9b8869fb61aa0792b7e4dc3a.png,,main,Taco Shrimp,타코 쉬림프 랩,베스트 메뉴,"{""메뉴"": ""타코 쉬림프 랩"", ""열량(kcal)"": ""501.1"", ""탄수화물(g)"": ""59.4"", ""당류(g)"": ""15.5"", ""단백질(g)"": ""15.4"", ""지방(g)"": ""22.4"", ""포화지방(g)"": ""6.0"", ""나트륨(mg)"": ""1123.1""}","{""메뉴"": ""타코 쉬림프 랩"", ""열량(kcal)"": ""501.1"", ""탄수화물(g)"": ""59.4"", ""당류(g)"": ""15.5"", ""단백질(g)"": ""15.4"", ""지방(g)"": ""22.4"", ""포화지방(g)"": ""6.0"", ""나트륨(mg)"": ""1123.1""}",,"[""BEST""]","케이준 쉬림프, 양파, 할라피뇨, 토마토, 나쵸칩, 사워크림",https://salady.com/menu/view_1?idx=147&ca_id=,[]
[],채소,salady,"{""name"": ""탄단지 샐러디"", ""base_kcal"": 322.9, ""addon_kcal"": {""vegetable"": 3.0, ""grain"": 158.1, ""buckwheat"": 67.9, ""noodles"": 100.05}}",샐러디,오리엔탈,,"{""name"": ""오리엔탈"", ""type"": ""recommended"", ""official"": ""오리엔탈""}",recommended,42,https://salady.com:443/superboard/data/product/thumb/2038866161_1R5LcnQb_1a5d9c99566a0e4a69ba66f9c02c202db77d1ac6.png,,main,Tandanji Salady,탄단지 샐러디,샐러디,"{""메뉴"": ""탄단지 샐러디"", ""열량(kcal)"": ""322.9"", ""탄수화물(g)"": ""34.3"", ""당류(g)"": ""17.6"", ""단백질(g)"": ""17.9"", ""지방(g)"": ""13.1"", ""포화지방(g)"": ""2.0"", ""나트륨(mg)"": ""225.3""}","{""메뉴"": ""탄단지 샐러디"", ""열량(kcal)"": ""322.9"", ""탄수화물(g)"": ""34.3"", ""당류(g)"": ""17.6"", ""단백질(g)"": ""17.9"", ""지방(g)"": ""13.1"", ""포화지방(g)"": ""2.0"", ""나트륨(mg)"": ""225.3""}",오리엔탈,[],"시즈닝 닭가슴살, 크랜베리, 스윗포테이토, 견과류",https://salady.com/menu/view_1?idx=42&ca_id=01,"[{""name"": ""로메인"", ""image_url"": ""https://salady.com:443/superboard/data/topping/2022052409362216533525826974.jpg""}, {""name"": ""프릴아이스"", ""image_url"": ""https://salady.com:443/superboard/data/topping/2023050914224216836097629221.jpeg""}, {""name"": ""적채"", ""image_url"": ""https://salady.com:443/superboard/data/topping/2026050710511217781186725711.png""}]"
[],채소,salady,"{""name"": ""치킨 콥 샐러디"", ""base_kcal"": 209.1, ""addon_kcal"": {""vegetable"": 3.0, ""grain"": 158.1, ""buckwheat"": 67.9, ""noodles"": 100.05}}",샐러디,(저당) 랜치,,"{""name"": ""(저당) 랜치"", ""type"": ""recommended"", ""official"": ""(저당) 랜치""}",recommended,41,https://salady.com:443/superboard/data/product/thumb/2038866161_34H6Nynl_174318c4fbfa1aa598da5600377b39a59952bb6c.png,,main,Chicken Cobb Salady,치킨 콥 샐러디,샐러디,"{""메뉴"": ""치킨 콥 샐러디"", ""열량(kcal)"": ""209.1"", ""탄수화물(g)"": ""7.6"", ""당류(g)"": ""2.1"", ""단백질(g)"": ""23.9"", ""지방(g)"": ""8.7"", ""포화지방(g)"": ""3.5"", ""나트륨(mg)"": ""404.7""}","{""메뉴"": ""치킨 콥 샐러디"", ""열량(kcal)"": ""209.1"", ""탄수화물(g)"": ""7.6"", ""당류(g)"": ""2.1"", ""단백질(g)"": ""23.9"", ""지방(g)"": ""8.7"", ""포화지방(g)"": ""3.5"", ""나트륨(mg)"": ""404.7""}",(저당) 랜치,"[""LOW SUGAR""]","시즈닝 닭가슴살, 에그, 옥수수, 올리브, 토마토, 슈레드치즈",https://salady.com/menu/view_1?idx=41&ca_id=01,"[{""name"": ""로메인"", ""image_url"": ""https://salady.com:443/superboard/data/topping/2022052409362216533525826974.jpg""}, {""name"": ""프릴아이스"", ""image_url"": ""https://salady.com:443/superboard/data/topping/2023050914224216836097629221.jpeg""}, {""name"": ""적채"", ""image_url"": ""https://salady.com:443/superboard/data/topping/2026050710511217781186725711.png""}]"
[],채소,salady,"{""name"": ""단호박 노릇두부 샐러디"", ""base_kcal"": 214.6, ""addon_kcal"": {""vegetable"": 3.0, ""grain"": 158.1, ""buckwheat"": 67.9, ""noodles"": 100.05}}",샐러디,(저당) 발사믹,,"{""name"": ""(저당) 발사믹"", ""type"": ""recommended"", ""official"": ""(저당) 발사믹""}",recommended,40,https://salady.com:443/superboard/data/product/thumb/2038866161_1eZ0B9Jg_d714ab4cbea7e76a539af72ac9bad9b880998713.png,,main,Sweet Pumpkin Golden Tofu Salady,단호박 노릇두부 샐러디,샐러디,"{""메뉴"": ""단호박 노릇두부 샐러디"", ""열량(kcal)"": ""214.6"", ""탄수화물(g)"": ""28.1"", ""당류(g)"": ""12.4"", ""단백질(g)"": ""6.8"", ""지방(g)"": ""8.4"", ""포화지방(g)"": ""1.1"", ""나트륨(mg)"": ""214.9""}","{""메뉴"": ""단호박 노릇두부 샐러디"", ""열량(kcal)"": ""214.6"", ""탄수화물(g)"": ""28.1"", ""당류(g)"": ""12.4"", ""단백질(g)"": ""6.8"", ""지방(g)"": ""8.4"", ""포화지방(g)"": ""1.1"", ""나트륨(mg)"": ""214.9""}",(저당) 발사믹,"[""VEGAN"", ""LOW SUGAR""]","두부, 단호박, 옥수수, 올리브, 당근라페, 적채",https://salady.com/menu/view_1?idx=40&ca_id=01,"[{""name"": ""로메인"", ""image_url"": ""https://salady.com:443/superboard/data/topping/2022052409362216533525826974.jpg""}, {""name"": ""프릴아이스"", ""image_url"": ""https://salady.com:443/superboard/data/topping/2023050914224216836097629221.jpeg""}, {""name"": ""적채"", ""image_url"": ""https://salady.com:443/superboard/data/topping/2026050710511217781186725711.png""}]"
[],채소,salady,"{""name"": ""타코 쉬림프 샐러디"", ""base_kcal"": 192.1, ""addon_kcal"": {""vegetable"": 3.0, ""grain"": 158.1, ""buckwheat"": 67.9, ""noodles"": 100.05}}",샐러디,크리미칠리,,"{""name"": ""크리미칠리"", ""type"": ""recommended"", ""official"": ""크리미칠리""}",recommended,143,https://salady.com:443/superboard/data/product/thumb/2038866161_quUiYZ9r_3cabfcf75e4324139e337e3b41fd9527538c7f9e.png,,main,Taco Shrimp Salady,타코 쉬림프 샐러디,샐러디,"{""메뉴"": ""타코 쉬림프 샐러디"", ""열량(kcal)"": ""192.1"", ""탄수화물(g)"": ""11.6"", ""당류(g)"": ""2.9"", ""단백질(g)"": ""15.7"", ""지방(g)"": ""9.2"", ""포화지방(g)"": ""3.0"", ""나트륨(mg)"": ""572.6""}","{""메뉴"": ""타코 쉬림프 샐러디"", ""열량(kcal)"": ""192.1"", ""탄수화물(g)"": ""11.6"", ""당류(g)"": ""2.9"", ""단백질(g)"": ""15.7"", ""지방(g)"": ""9.2"", ""포화지방(g)"": ""3.0"", ""나트륨(mg)"": ""572.6""}",크리미칠리,[],"케이준 쉬림프, 할라피뇨, 옥수수, 양파, 그라운드비프, 나쵸칩, 사워크림",https://salady.com/menu/view_1?idx=143&ca_id=01,"[{""name"": ""로메인"", ""image_url"": ""https://salady.com:443/superboard/data/topping/2022052409362216533525826974.jpg""}, {""name"": ""프릴아이스"", ""image_url"": ""https://salady.com:443/superboard/data/topping/2023050914224216836097629221.jpeg""}, {""name"": ""적채"", ""image_url"": ""https://salady.com:443/superboard/data/topping/2026050710511217781186725711.png""}]"
[],"곡물, 채소",salady,"{""name"": ""우삼겹 포케볼"", ""base_kcal"": 618.1, ""addon_kcal"": {""vegetable"": 3.0, ""grain"": 158.1, ""buckwheat"": 67.9, ""noodles"": 100.05}}",그레인볼,오리엔탈,,"{""name"": ""오리엔탈"", ""type"": ""recommended"", ""official"": ""오리엔탈""}",recommended,46,https://salady.com:443/superboard/data/product/thumb/2038866161_Ii78TZ6N_13cd9d678e7ccdd0004a2070a523d69b770d57bd.png,,main,Beef Loin Poke,우삼겹 포케볼,그레인볼,"{""메뉴"": ""우삼겹 포케볼"", ""열량(kcal)"": ""618.1"", ""탄수화물(g)"": ""68.0"", ""당류(g)"": ""6.2"", ""단백질(g)"": ""21.2"", ""지방(g)"": ""29.8"", ""포화지방(g)"": ""8.6"", ""나트륨(mg)"": ""226.0""}","{""메뉴"": ""우삼겹 포케볼"", ""열량(kcal)"": ""618.1"", ""탄수화물(g)"": ""68.0"", ""당류(g)"": ""6.2"", ""단백질(g)"": ""21.2"", ""지방(g)"": ""29.8"", ""포화지방(g)"": ""8.6"", ""나트륨(mg)"": ""226.0""}",오리엔탈,[],"우삼겹, 머쉬룸, 양파, 적채, 후리가케, 양파플레이크, 옥수수",https://salady.com/menu/view_1?idx=46&ca_id=02,"[{""name"": ""귀리"", ""image_url"": ""https://salady.com:443/superboard/data/topping/2022052409342716533524674305.jpg""}, {""name"": ""찹쌀"", ""image_url"": ""https://salady.com:443/superboard/data/topping/2022052409372716533526479982.jpg""}, {""name"": ""찰보리"", ""image_url"": ""https://salady.com:443/superboard/data/topping/2022052409380516533526852457.jpg""}, {""name"": ""로메인"", ""image_url"": ""https://salady.com:443/superboard/data/topping/2022052409362216533525826974.jpg""}, {""name"": ""프릴아이스"", ""image_url"": ""https://salady.com:443/superboard/data/topping/2023050914224216836097629221.jpeg""}, {""name"": ""적채"", ""image_url"": ""https://salady.com:443/superboard/data/topping/2026050710511217781186725711.png""}]"
[],"곡물, 채소",salady,"{""name"": ""청양간장 두부 비빔밥"", ""base_kcal"": 604.0, ""addon_kcal"": {""vegetable"": 3.0, ""grain"": 158.1, ""buckwheat"": 67.9, ""noodles"": 100.05}}",그레인볼,청양간장 소스포함(*별도 드레싱 미제공),,"{""name"": ""청양간장 소스포함"", ""type"": ""recommended"", ""official"": ""청양간장 소스포함""}",recommended,47,https://salady.com:443/superboard/data/product/thumb/2038866161_muGX1Oae_b6fd6050f9970a6cdb7e64a377394111f9decc04.png,,main,Chungyang Soy Tofu Bibimbap.,청양간장 두부 비빔밥,그레인볼,"{""메뉴"": ""청양간장 두부 비빔밥"", ""열량(kcal)"": ""604.0"", ""탄수화물(g)"": ""71.7"", ""당류(g)"": ""6.0"", ""단백질(g)"": ""17.8"", ""지방(g)"": ""28.1"", ""포화지방(g)"": ""3.7"", ""나트륨(mg)"": ""923.2""}","{""메뉴"": ""청양간장 두부 비빔밥"", ""열량(kcal)"": ""604.0"", ""탄수화물(g)"": ""71.7"", ""당류(g)"": ""6.0"", ""단백질(g)"": ""17.8"", ""지방(g)"": ""28.1"", ""포화지방(g)"": ""3.7"", ""나트륨(mg)"": ""923.2""}",청양간장 소스포함,"[""VEGAN""]","두부, 머쉬룸, 양파, 적채, 당근라페, 견과류, 참기름, 청양간장 드레싱",https://salady.com/menu/view_1?idx=47&ca_id=02,"[{""name"": ""귀리"", ""image_url"": ""https://salady.com:443/superboard/data/topping/2022052409342716533524674305.jpg""}, {""name"": ""찹쌀"", ""image_url"": ""https://salady.com:443/superboard/data/topping/2022052409372716533526479982.jpg""}, {""name"": ""찰보리"", ""image_url"": ""https://salady.com:443/superboard/data/topping/2022052409380516533526852457.jpg""}, {""name"": ""로메인"", ""image_url"": ""https://salady.com:443/superboard/data/topping/2022052409362216533525826974.jpg""}, {""name"": ""프릴아이스"", ""image_url"": ""https://salady.com:443/superboard/data/topping/2023050914224216836097629221.jpeg""}, {""name"": ""적채"", ""image_url"": ""https://salady.com:443/superboard/data/topping/2026050710511217781186725711.png""}]"
[],"곡물, 채소",salady,"{""name"": ""바베큐닭다리살 포케볼"", ""base_kcal"": 557.3, ""addon_kcal"": {""vegetable"": 3.0, ""grain"": 158.1, ""buckwheat"": 67.9, ""noodles"": 100.05}}",그레인볼,크리미칠리,,"{""name"": ""크리미칠리"", ""type"": ""recommended"", ""official"": ""크리미칠리""}",recommended,48,https://salady.com:443/superboard/data/product/thumb/2038866161_zEALeaJ5_070f413eceae6db7d199ba13433443823f34b366.png,,main,Barbeque Chicken Thigh Poke,바베큐닭다리살 포케볼,그레인볼,"{""메뉴"": ""바베큐닭다리살 포케볼"", ""열량(kcal)"": ""557.3"", ""탄수화물(g)"": ""72.5"", ""당류(g)"": ""8.2"", ""단백질(g)"": ""26.6"", ""지방(g)"": ""17.7"", ""포화지방(g)"": ""5.9"", ""나트륨(mg)"": ""586.2""}","{""메뉴"": ""바베큐닭다리살 포케볼"", ""열량(kcal)"": ""557.3"", ""탄수화물(g)"": ""72.5"", ""당류(g)"": ""8.2"", ""단백질(g)"": ""26.6"", ""지방(g)"": ""17.7"", ""포화지방(g)"": ""5.9"", ""나트륨(mg)"": ""586.2""}",크리미칠리,[],"로스트닭다리살, 에그, 옥수수, 양파, 양파플레이크, 후리가케, 적채, 바베큐소스",https://salady.com/menu/view_1?idx=48&ca_id=02,"[{""name"": ""귀리"", ""image_url"": ""https://salady.com:443/superboard/data/topping/2022052409342716533524674305.jpg""}, {""name"": ""찹쌀"", ""image_url"": ""https://salady.com:443/superboard/data/topping/2022052409372716533526479982.jpg""}, {""name"": ""찰보리"", ""image_url"": ""https://salady.com:443/superboard/data/topping/2022052409380516533526852457.jpg""}, {""name"": ""로메인"", ""image_url"": ""https://salady.com:443/superboard/data/topping/2022052409362216533525826974.jpg""}, {""name"": ""프릴아이스"", ""image_url"": ""https://salady.com:443/superboard/data/topping/2023050914224216836097629221.jpeg""}, {""name"": ""적채"", ""image_url"": ""https://salady.com:443/superboard/data/topping/2026050710511217781186725711.png""}]"
[],"파스타면, 채소",salady,"{""name"": ""그라브락스 연어 파스타 누들볼"", ""base_kcal"": 346.2, ""addon_kcal"": {""vegetable"": 3.0, ""grain"": 158.1, ""buckwheat"": 67.9, ""noodles"": 100.05}}",누들볼,(저당) 발사믹,,"{""name"": ""(저당) 발사믹"", ""type"": ""recommended"", ""official"": ""(저당) 발사믹""}",recommended,111,https://salady.com:443/superboard/data/product/thumb/2038866161_6PSzd3iT_4ff5dd22fb572a7807b216c2c56220b369a70894.png,,main,Gravlax Salmon Pasta,그라브락스 연어 파스타 누들볼,누들볼,"{""메뉴"": ""그라브락스 연어 파스타 누들볼"", ""열량(kcal)"": ""346.2"", ""탄수화물(g)"": ""33.3"", ""당류(g)"": ""3.6"", ""단백질(g)"": ""20.0"", ""지방(g)"": ""14.4"", ""포화지방(g)"": ""2.1"", ""나트륨(mg)"": ""609.9""}","{""메뉴"": ""그라브락스 연어 파스타 누들볼"", ""열량(kcal)"": ""346.2"", ""탄수화물(g)"": ""33.3"", ""당류(g)"": ""3.6"", ""단백질(g)"": ""20.0"", ""지방(g)"": ""14.4"", ""포화지방(g)"": ""2.1"", ""나트륨(mg)"": ""609.9""}",(저당) 발사믹,"[""LOW SUGAR""]","그라브락스 연어,  옥수수, 올리브, 양파, 바질페스토",https://salady.com/menu/view_1?idx=111&ca_id=03,"[{""name"": ""로메인"", ""image_url"": ""https://salady.com:443/superboard/data/topping/2022052409362216533525826974.jpg""}, {""name"": ""프릴아이스"", ""image_url"": ""https://salady.com:443/superboard/data/topping/2023050914224216836097629221.jpeg""}, {""name"": ""적채"", ""image_url"": ""https://salady.com:443/superboard/data/topping/2026050710511217781186725711.png""}]"
[],"메밀면, 채소",salady,"{""name"": ""소고기 비빔메밀 누들볼"", ""base_kcal"": 398.8, ""addon_kcal"": {""vegetable"": 3.0, ""grain"": 158.1, ""buckwheat"": 67.9, ""noodles"": 100.05}}",누들볼,고추장비빔,,"{""name"": ""고추장비빔"", ""type"": ""recommended"", ""official"": ""고추장비빔""}",recommended,123,https://salady.com:443/superboard/data/product/thumb/2038866161_IeBdyo8T_e2213694b025d10ccf5543b95ec8e78d048ddea7.png,,main,Beef Bibim Buckwheat Noodles,소고기 비빔메밀 누들볼,누들볼,"{""메뉴"": ""소고기 비빔메밀 누들볼"", ""열량(kcal)"": ""398.8"", ""탄수화물(g)"": ""32.0"", ""당류(g)"": ""4.0"", ""단백질(g)"": ""23.8"", ""지방(g)"": ""19.0"", ""포화지방(g)"": ""5.6"", ""나트륨(mg)"": ""354.7""}","{""메뉴"": ""소고기 비빔메밀 누들볼"", ""열량(kcal)"": ""398.8"", ""탄수화물(g)"": ""32.0"", ""당류(g)"": ""4.0"", ""단백질(g)"": ""23.8"", ""지방(g)"": ""19.0"", ""포화지방(g)"": ""5.6"", ""나트륨(mg)"": ""354.7""}",고추장비빔,[],"그라운드비프, 에그, 적채, 양파, 후리가케, 당근라페, 참기름",https://salady.com/menu/view_1?idx=123&ca_id=03,"[{""name"": ""로메인"", ""image_url"": ""https://salady.com:443/superboard/data/topping/2022052409362216533525826974.jpg""}, {""name"": ""프릴아이스"", ""image_url"": ""https://salady.com:443/superboard/data/topping/2023050914224216836097629221.jpeg""}, {""name"": ""적채"", ""image_url"": ""https://salady.com:443/superboard/data/topping/2026050710511217781186725711.png""}]"
[],"곡물(1.5배), 채소",salady,"{""name"": ""닭다리살 MAX 프로틴 박스"", ""base_kcal"": 758.7, ""addon_kcal"": {""vegetable"": 3.0, ""grain"": 158.1, ""buckwheat"": 67.9, ""noodles"": 100.05}}",프로틴 박스,(저당) 랜치,,"{""name"": ""(저당) 랜치"", ""type"": ""recommended"", ""official"": ""(저당) 랜치""}",recommended,87,https://salady.com:443/superboard/data/product/thumb/2038866161_FWsf4dYx_5014949c46889b80cfa824ba8d0aff37c9355971.png,,main,Chicken Thigh MAX Protein Box,닭다리살 MAX 프로틴 박스,프로틴 박스,"{""메뉴"": ""닭다리살 MAX 프로틴 박스"", ""열량(kcal)"": ""758.7"", ""탄수화물(g)"": ""96.6"", ""당류(g)"": ""7.7"", ""단백질(g)"": ""43.2"", ""지방(g)"": ""22.3"", ""포화지방(g)"": ""7.4"", ""나트륨(mg)"": ""885.9""}","{""메뉴"": ""닭다리살 MAX 프로틴 박스"", ""열량(kcal)"": ""758.7"", ""탄수화물(g)"": ""96.6"", ""당류(g)"": ""7.7"", ""단백질(g)"": ""43.2"", ""지방(g)"": ""22.3"", ""포화지방(g)"": ""7.4"", ""나트륨(mg)"": ""885.9""}",(저당) 랜치,"[""LOW SUGAR""]","로스트닭다리살x3, 당근라페, 양파, 옥수수",https://salady.com/menu/view_1?idx=87&ca_id=04,"[{""name"": ""귀리"", ""image_url"": ""https://salady.com:443/superboard/data/topping/2022052409342716533524674305.jpg""}, {""name"": ""찹쌀"", ""image_url"": ""https://salady.com:443/superboard/data/topping/2022052409372716533526479982.jpg""}, {""name"": ""찰보리"", ""image_url"": ""https://salady.com:443/superboard/data/topping/2022052409380516533526852457.jpg""}, {""name"": ""로메인"", ""image_url"": ""https://salady.com:443/superboard/data/topping/2022052409362216533525826974.jpg""}, {""name"": ""프릴아이스"", ""image_url"": ""https://salady.com:443/superboard/data/topping/2023050914224216836097629221.jpeg""}, {""name"": ""적채"", ""image_url"": ""https://salady.com:443/superboard/data/topping/2026050710511217781186725711.png""}]"
[],"바질 파스타면(2배), 채소",salady,"{""name"": ""치킨 MAX 프로틴 파스타"", ""base_kcal"": 707.9, ""addon_kcal"": {""vegetable"": 3.0, ""grain"": 158.1, ""buckwheat"": 67.9, ""noodles"": 100.05}}",프로틴 박스,(저당) 레몬허브,,"{""name"": ""(저당) 레몬허브"", ""type"": ""recommended"", ""official"": ""(저당) 레몬허브""}",recommended,88,https://salady.com:443/superboard/data/product/thumb/2038866161_DF1XoOrC_2d8d54de352b5195149ba1dc889397f71e4288e2.png,,main,Chicken Breast MAX Protein Pasta,치킨 MAX 프로틴 파스타,프로틴 박스,"{""메뉴"": ""치킨 MAX 프로틴 파스타"", ""열량(kcal)"": ""707.9"", ""탄수화물(g)"": ""66.2"", ""당류(g)"": ""6.1"", ""단백질(g)"": ""55.1"", ""지방(g)"": ""23.7"", ""포화지방(g)"": ""6.0"", ""나트륨(mg)"": ""697.0""}","{""메뉴"": ""치킨 MAX 프로틴 파스타"", ""열량(kcal)"": ""707.9"", ""탄수화물(g)"": ""66.2"", ""당류(g)"": ""6.1"", ""단백질(g)"": ""55.1"", ""지방(g)"": ""23.7"", ""포화지방(g)"": ""6.0"", ""나트륨(mg)"": ""697.0""}",(저당) 레몬허브,"[""LOW SUGAR""]","시즈닝 닭가슴살x3, 칩베이컨, 당근라페, 양파, 옥수수",https://salady.com/menu/view_1?idx=88&ca_id=04,"[{""name"": ""로메인"", ""image_url"": ""https://salady.com:443/superboard/data/topping/2022052409362216533525826974.jpg""}, {""name"": ""프릴아이스"", ""image_url"": ""https://salady.com:443/superboard/data/topping/2023050914224216836097629221.jpeg""}, {""name"": ""적채"", ""image_url"": ""https://salady.com:443/superboard/data/topping/2026050710511217781186725711.png""}]"
[],"곡물(1.5배), 채소",salady,"{""name"": ""우삼겹 MAX 프로틴 박스"", ""base_kcal"": 900.7, ""addon_kcal"": {""vegetable"": 3.0, ""grain"": 158.1, ""buckwheat"": 67.9, ""noodles"": 100.05}}",프로틴 박스,(저당) 참깨소이,,"{""name"": ""(저당) 참깨소이"", ""type"": ""recommended"", ""official"": ""(저당) 참깨소이""}",recommended,89,https://salady.com:443/superboard/data/product/thumb/2038866161_5PjNQCrq_09297ac7fdd5547756754cc320ff32bf178dcf46.png,,main,Beef Loin MAX Protein Box,우삼겹 MAX 프로틴 박스,프로틴 박스,"{""메뉴"": ""우삼겹 MAX 프로틴 박스"", ""열량(kcal)"": ""900.7"", ""탄수화물(g)"": ""87.6"", ""당류(g)"": ""11.5"", ""단백질(g)"": ""39.4"", ""지방(g)"": ""43.7"", ""포화지방(g)"": ""16.3"", ""나트륨(mg)"": ""565.4""}","{""메뉴"": ""우삼겹 MAX 프로틴 박스"", ""열량(kcal)"": ""900.7"", ""탄수화물(g)"": ""87.6"", ""당류(g)"": ""11.5"", ""단백질(g)"": ""39.4"", ""지방(g)"": ""43.7"", ""포화지방(g)"": ""16.3"", ""나트륨(mg)"": ""565.4""}",(저당) 참깨소이,"[""LOW SUGAR""]","우삼겹x3, 당근라페, 양파, 옥수수",https://salady.com/menu/view_1?idx=89&ca_id=04,"[{""name"": ""귀리"", ""image_url"": ""https://salady.com:443/superboard/data/topping/2022052409342716533524674305.jpg""}, {""name"": ""찹쌀"", ""image_url"": ""https://salady.com:443/superboard/data/topping/2022052409372716533526479982.jpg""}, {""name"": ""찰보리"", ""image_url"": ""https://salady.com:443/superboard/data/topping/2022052409380516533526852457.jpg""}, {""name"": ""로메인"", ""image_url"": ""https://salady.com:443/superboard/data/topping/2022052409362216533525826974.jpg""}, {""name"": ""프릴아이스"", ""image_url"": ""https://salady.com:443/superboard/data/topping/2023050914224216836097629221.jpeg""}, {""name"": ""적채"", ""image_url"": ""https://salady.com:443/superboard/data/topping/2026050710511217781186725711.png""}]"
[],채소,salady,"{""name"": ""[프로틴]바질크림 치킨 샌드위치"", ""base_kcal"": 442.8, ""addon_kcal"": {""vegetable"": 2.0, ""grain"": 158.1, ""buckwheat"": 67.9, ""noodles"": 100.05}}",랩&샌드위치,바질페스토,,"{""name"": ""바질페스토"", ""type"": ""included"", ""official"": ""바질페스토""}",included,155,https://salady.com:443/superboard/data/product/thumb/2038866161_F89QsObd_47441b88d3a91100160a174b7421af9163edcc99.png,바질페스토,main,[Protein]Basil Cream Chicken,[프로틴]바질크림 치킨 샌드위치,랩&샌드위치,"{""메뉴"": ""[프로틴]바질크림 치킨 샌드위치"", ""열량(kcal)"": ""442.8"", ""탄수화물(g)"": ""53.6"", ""당류(g)"": ""7.1"", ""단백질(g)"": ""23.9"", ""지방(g)"": ""14.2"", ""포화지방(g)"": ""3.1"", ""나트륨(mg)"": ""774.2""}","{""메뉴"": ""[프로틴]바질크림 치킨 샌드위치"", ""열량(kcal)"": ""442.8"", ""탄수화물(g)"": ""53.6"", ""당류(g)"": ""7.1"", ""단백질(g)"": ""23.9"", ""지방(g)"": ""14.2"", ""포화지방(g)"": ""3.1"", ""나트륨(mg)"": ""774.2""}",,[],"시즈닝 닭가슴살, 토마토, 당근라페, 화이트치즈",https://salady.com/menu/view_1?idx=155&ca_id=05,"[{""name"": ""로메인"", ""image_url"": ""https://salady.com:443/superboard/data/topping/2022052409362216533525826974.jpg""}, {""name"": ""적채"", ""image_url"": ""https://salady.com:443/superboard/data/topping/2026050710511217781186725711.png""}]"
[],채소,salady,"{""name"": ""[프로틴]치킨 반미 샌드위치"", ""base_kcal"": 484.0, ""addon_kcal"": {""vegetable"": 3.0, ""grain"": 158.1, ""buckwheat"": 67.9, ""noodles"": 100.05}}",랩&샌드위치,크리미칠리,,"{""name"": ""크리미칠리"", ""type"": ""included"", ""official"": ""크리미칠리""}",included,154,https://salady.com:443/superboard/data/product/thumb/2038866161_OJWojvis_547b40f17bb0c021727cada557aae3bdf4b77bef.png,크리미칠리,main,[Protein]Chicken Banh mi,[프로틴]치킨 반미 샌드위치,랩&샌드위치,"{""메뉴"": ""[프로틴]치킨 반미 샌드위치"", ""열량(kcal)"": ""484.0"", ""탄수화물(g)"": ""60.5"", ""당류(g)"": ""11.7"", ""단백질(g)"": ""22.8"", ""지방(g)"": ""16.9"", ""포화지방(g)"": ""3.4"", ""나트륨(mg)"": ""853.8""}","{""메뉴"": ""[프로틴]치킨 반미 샌드위치"", ""열량(kcal)"": ""484.0"", ""탄수화물(g)"": ""60.5"", ""당류(g)"": ""11.7"", ""단백질(g)"": ""22.8"", ""지방(g)"": ""16.9"", ""포화지방(g)"": ""3.4"", ""나트륨(mg)"": ""853.8""}",,[],"시즈닝 닭가슴살, 양파, 적채, 당근라페, 화이트치즈, 채소믹스, 통밀 치아바타",https://salady.com/menu/view_1?idx=154&ca_id=05,"[{""name"": ""로메인"", ""image_url"": ""https://salady.com:443/superboard/data/topping/2022052409362216533525826974.jpg""}, {""name"": ""프릴아이스"", ""image_url"": ""https://salady.com:443/superboard/data/topping/2023050914224216836097629221.jpeg""}, {""name"": ""적채"", ""image_url"": ""https://salady.com:443/superboard/data/topping/2026050710511217781186725711.png""}]"
[],채소,salady,"{""name"": ""스파이시 쉬림프 샌드위치"", ""base_kcal"": 463.7, ""addon_kcal"": {""vegetable"": 3.0, ""grain"": 158.1, ""buckwheat"": 67.9, ""noodles"": 100.05}}",랩&샌드위치,크리미칠리,,"{""name"": ""크리미칠리"", ""type"": ""included"", ""official"": ""크리미칠리""}",included,150,https://salady.com:443/superboard/data/product/thumb/2038866161_Y6ODKr7F_8d4a82fd9038997140e813820da52e1cd6a491f2.png,크리미칠리,main,Spicy Shrimp Sandwich,스파이시 쉬림프 샌드위치,랩&샌드위치,"{""메뉴"": ""스파이시 쉬림프 샌드위치"", ""열량(kcal)"": ""463.7"", ""탄수화물(g)"": ""55.4"", ""당류(g)"": ""8.7"", ""단백질(g)"": ""18.7"", ""지방(g)"": ""18.5"", ""포화지방(g)"": ""4.4"", ""나트륨(mg)"": ""1176.4""}","{""메뉴"": ""스파이시 쉬림프 샌드위치"", ""열량(kcal)"": ""463.7"", ""탄수화물(g)"": ""55.4"", ""당류(g)"": ""8.7"", ""단백질(g)"": ""18.7"", ""지방(g)"": ""18.5"", ""포화지방(g)"": ""4.4"", ""나트륨(mg)"": ""1176.4""}",,[],"케이준 쉬림프, 할라피뇨, 토마토, 슈레드치즈, 화이트치즈",https://salady.com/menu/view_1?idx=150&ca_id=05,"[{""name"": ""로메인"", ""image_url"": ""https://salady.com:443/superboard/data/topping/2022052409362216533525826974.jpg""}, {""name"": ""프릴아이스"", ""image_url"": ""https://salady.com:443/superboard/data/topping/2023050914224216836097629221.jpeg""}, {""name"": ""적채"", ""image_url"": ""https://salady.com:443/superboard/data/topping/2026050710511217781186725711.png""}]"
[],채소,salady,"{""name"": ""BELT 시저 샌드위치"", ""base_kcal"": 570.3, ""addon_kcal"": {""vegetable"": 3.0, ""grain"": 158.1, ""buckwheat"": 67.9, ""noodles"": 100.05}}",랩&샌드위치,시저,,"{""name"": ""시저"", ""type"": ""included"", ""official"": ""시저""}",included,148,https://salady.com:443/superboard/data/product/thumb/2038866161_OSAnMmzZ_159b81357d416ac4f8789fc44b63b7b01d1ad1ae.png,시저,main,BELT Caesar Sandwich,BELT 시저 샌드위치,랩&샌드위치,"{""메뉴"": ""BELT 시저 샌드위치"", ""열량(kcal)"": ""570.3"", ""탄수화물(g)"": ""52.5"", ""당류(g)"": ""6.3"", ""단백질(g)"": ""21.6"", ""지방(g)"": ""29.7"", ""포화지방(g)"": ""8.2"", ""나트륨(mg)"": ""874.4""}","{""메뉴"": ""BELT 시저 샌드위치"", ""열량(kcal)"": ""570.3"", ""탄수화물(g)"": ""52.5"", ""당류(g)"": ""6.3"", ""단백질(g)"": ""21.6"", ""지방(g)"": ""29.7"", ""포화지방(g)"": ""8.2"", ""나트륨(mg)"": ""874.4""}",,[],"베이컨, 에그, 토마토, 슈레드치즈, 화이트치즈",https://salady.com/menu/view_1?idx=148&ca_id=05,"[{""name"": ""로메인"", ""image_url"": ""https://salady.com:443/superboard/data/topping/2022052409362216533525826974.jpg""}, {""name"": ""프릴아이스"", ""image_url"": ""https://salady.com:443/superboard/data/topping/2023050914224216836097629221.jpeg""}, {""name"": ""적채"", ""image_url"": ""https://salady.com:443/superboard/data/topping/2026050710511217781186725711.png""}]"
[],채소,salady,"{""name"": ""[프로틴]프레시 잠봉 샌드위치"", ""base_kcal"": 493.3, ""addon_kcal"": {""vegetable"": 3.0, ""grain"": 158.1, ""buckwheat"": 67.9, ""noodles"": 100.05}}",랩&샌드위치,크리미할라피뇨,,"{""name"": ""크리미할라피뇨"", ""type"": ""included"", ""official"": ""크리미할라피뇨""}",included,133,https://salady.com:443/superboard/data/product/thumb/2038866161_y9xsK7ak_7ee0a2ef2065b4b0ef5b15ad8fcd89d14c27db06.png,크리미할라피뇨,main,[Protein]Fresh Jambon,[프로틴]프레시 잠봉 샌드위치,랩&샌드위치,"{""메뉴"": ""[프로틴]프레시 잠봉 샌드위치"", ""열량(kcal)"": ""493.3"", ""탄수화물(g)"": ""54.2"", ""당류(g)"": ""8.5"", ""단백질(g)"": ""20.0"", ""지방(g)"": ""21.7"", ""포화지방(g)"": ""5.2"", ""나트륨(mg)"": ""1135.5""}","{""메뉴"": ""[프로틴]프레시 잠봉 샌드위치"", ""열량(kcal)"": ""493.3"", ""탄수화물(g)"": ""54.2"", ""당류(g)"": ""8.5"", ""단백질(g)"": ""20.0"", ""지방(g)"": ""21.7"", ""포화지방(g)"": ""5.2"", ""나트륨(mg)"": ""1135.5""}",,[],"잠봉, 양파, 토마토, 슈레드치즈, 화이트치즈",https://salady.com/menu/view_1?idx=133&ca_id=05,"[{""name"": ""로메인"", ""image_url"": ""https://salady.com:443/superboard/data/topping/2022052409362216533525826974.jpg""}, {""name"": ""프릴아이스"", ""image_url"": ""https://salady.com:443/superboard/data/topping/2023050914224216836097629221.jpeg""}, {""name"": ""적채"", ""image_url"": ""https://salady.com:443/superboard/data/topping/2026050710511217781186725711.png""}]"
[],*채소 미포함,salady,"{""name"": ""[프로틴]비프에그마요 샌드위치"", ""base_kcal"": 712.6, ""addon_kcal"": {""vegetable"": 3.0, ""grain"": 158.1, ""buckwheat"": 67.9, ""noodles"": 100.05}}",랩&샌드위치,허니머스타드,,"{""name"": ""허니머스타드"", ""type"": ""included"", ""official"": ""허니머스타드""}",included,127,https://salady.com:443/superboard/data/product/thumb/2038866161_b3geSOxz_2ae8439814a640a4ff85c0dfd2e8f7c9e4d2c9e3.png,허니머스타드,main,[Protein]Beef Egg Mayo Sandwich,[프로틴]비프에그마요 샌드위치,랩&샌드위치,"{""메뉴"": ""[프로틴]비프에그마요 샌드위치"", ""열량(kcal)"": ""712.6"", ""탄수화물(g)"": ""64.9"", ""당류(g)"": ""15.1"", ""단백질(g)"": ""25.5"", ""지방(g)"": ""38.6"", ""포화지방(g)"": ""11.2"", ""나트륨(mg)"": ""1047.3""}","{""메뉴"": ""[프로틴]비프에그마요 샌드위치"", ""열량(kcal)"": ""712.6"", ""탄수화물(g)"": ""64.9"", ""당류(g)"": ""15.1"", ""단백질(g)"": ""25.5"", ""지방(g)"": ""38.6"", ""포화지방(g)"": ""11.2"", ""나트륨(mg)"": ""1047.3""}",,[],"우삼겹, 슈레드치즈, 에그마요, 옥수수, 당근라페, 화이트치즈",https://salady.com/menu/view_1?idx=127&ca_id=05,"[{""name"": ""로메인"", ""image_url"": ""https://salady.com:443/superboard/data/topping/2022052409362216533525826974.jpg""}, {""name"": ""프릴아이스"", ""image_url"": ""https://salady.com:443/superboard/data/topping/2023050914224216836097629221.jpeg""}, {""name"": ""적채"", ""image_url"": ""https://salady.com:443/superboard/data/topping/2026050710511217781186725711.png""}]"
[],채소,salady,"{""name"": ""[프로틴]바질 레몬연어 샌드위치"", ""base_kcal"": 576.5, ""addon_kcal"": {""vegetable"": 3.0, ""grain"": 158.1, ""buckwheat"": 67.9, ""noodles"": 100.05}}",랩&샌드위치,바질페스토,,"{""name"": ""바질페스토"", ""type"": ""included"", ""official"": ""바질페스토""}",included,128,https://salady.com:443/superboard/data/product/thumb/2038866161_biV5L79T_b246d454611c7cc2d25e89a70345d9a18036e392.png,바질페스토,main,[Protein]Basil Lemon Salmon,[프로틴]바질 레몬연어 샌드위치,랩&샌드위치,"{""메뉴"": ""[프로틴]바질 레몬연어 샌드위치"", ""열량(kcal)"": ""576.5"", ""탄수화물(g)"": ""71.0"", ""당류(g)"": ""17.0"", ""단백질(g)"": ""20.8"", ""지방(g)"": ""22.7"", ""포화지방(g)"": ""4.0"", ""나트륨(mg)"": ""1023.0""}","{""메뉴"": ""[프로틴]바질 레몬연어 샌드위치"", ""열량(kcal)"": ""576.5"", ""탄수화물(g)"": ""71.0"", ""당류(g)"": ""17.0"", ""단백질(g)"": ""20.8"", ""지방(g)"": ""22.7"", ""포화지방(g)"": ""4.0"", ""나트륨(mg)"": ""1023.0""}",,[],"그라브락스연어, 당근라페, 스윗포테이토, 옥수수, 화이트치즈",https://salady.com/menu/view_1?idx=128&ca_id=05,"[{""name"": ""로메인"", ""image_url"": ""https://salady.com:443/superboard/data/topping/2022052409362216533525826974.jpg""}, {""name"": ""프릴아이스"", ""image_url"": ""https://salady.com:443/superboard/data/topping/2023050914224216836097629221.jpeg""}, {""name"": ""적채"", ""image_url"": ""https://salady.com:443/superboard/data/topping/2026050710511217781186725711.png""}]"
[],"곡물, 채소",salady,"{""name"": ""고소우삼겹 곡물랩"", ""base_kcal"": 704.7, ""addon_kcal"": {""vegetable"": 3.0, ""grain"": 158.1, ""buckwheat"": 67.9, ""noodles"": 100.05}}",랩&샌드위치,(저당) 들기름소이,,"{""name"": ""(저당) 들기름소이"", ""type"": ""included"", ""official"": ""(저당) 들기름소이""}",included,58,https://salady.com:443/superboard/data/product/thumb/2038866161_enL6FdwP_e4d23435cb4f9e43263097e8c758be51fe27aecf.png,(저당) 들기름소이,main,Perilla Oil Beef Loin Grain Wrap,고소우삼겹 곡물랩,랩&샌드위치,"{""메뉴"": ""고소우삼겹 곡물랩"", ""열량(kcal)"": ""704.7"", ""탄수화물(g)"": ""79.1"", ""당류(g)"": ""6.5"", ""단백질(g)"": ""24.0"", ""지방(g)"": ""32.5"", ""포화지방(g)"": ""9.3"", ""나트륨(mg)"": ""1089.8""}","{""메뉴"": ""고소우삼겹 곡물랩"", ""열량(kcal)"": ""704.7"", ""탄수화물(g)"": ""79.1"", ""당류(g)"": ""6.5"", ""단백질(g)"": ""24.0"", ""지방(g)"": ""32.5"", ""포화지방(g)"": ""9.3"", ""나트륨(mg)"": ""1089.8""}",,"[""LOW SUGAR""]","우삼겹, 양파, 견과류, 적채",https://salady.com/menu/view_1?idx=58&ca_id=05,"[{""name"": ""귀리"", ""image_url"": ""https://salady.com:443/superboard/data/topping/2022052409342716533524674305.jpg""}, {""name"": ""찹쌀"", ""image_url"": ""https://salady.com:443/superboard/data/topping/2022052409372716533526479982.jpg""}, {""name"": ""찰보리"", ""image_url"": ""https://salady.com:443/superboard/data/topping/2022052409380516533526852457.jpg""}, {""name"": ""로메인"", ""image_url"": ""https://salady.com:443/superboard/data/topping/2022052409362216533525826974.jpg""}, {""name"": ""프릴아이스"", ""image_url"": ""https://salady.com:443/superboard/data/topping/2023050914224216836097629221.jpeg""}, {""name"": ""적채"", ""image_url"": ""https://salady.com:443/superboard/data/topping/2026050710511217781186725711.png""}]"
[],"곡물, 채소",salady,"{""name"": ""바베큐닭다리살 곡물랩"", ""base_kcal"": 717.3, ""addon_kcal"": {""vegetable"": 3.0, ""grain"": 158.1, ""buckwheat"": 67.9, ""noodles"": 100.05}}",랩&샌드위치,크리 할라피뇨,,"{""name"": ""크리 할라피뇨"", ""type"": ""included"", ""official"": ""크리 할라피뇨""}",included,59,https://salady.com:443/superboard/data/product/thumb/2038866161_u6iWc1KP_05547c03d01495abf1aa0a9aae55bca4bfb0b580.png,크리 할라피뇨,main,Barbecue Chicken Thigh Grain Wrap,바베큐닭다리살 곡물랩,랩&샌드위치,"{""메뉴"": ""바베큐닭다리살 곡물랩"", ""열량(kcal)"": ""717.3"", ""탄수화물(g)"": ""76.8"", ""당류(g)"": ""13.5"", ""단백질(g)"": ""26.1"", ""지방(g)"": ""34.0"", ""포화지방(g)"": ""9.7"", ""나트륨(mg)"": ""1288.1""}","{""메뉴"": ""바베큐닭다리살 곡물랩"", ""열량(kcal)"": ""717.3"", ""탄수화물(g)"": ""76.8"", ""당류(g)"": ""13.5"", ""단백질(g)"": ""26.1"", ""지방(g)"": ""34.0"", ""포화지방(g)"": ""9.7"", ""나트륨(mg)"": ""1288.1""}",,[],"로스트닭다리살, 적채, 옥수수, 슈레드치즈, 토마토, 바베큐소스",https://salady.com/menu/view_1?idx=59&ca_id=05,"[{""name"": ""귀리"", ""image_url"": ""https://salady.com:443/superboard/data/topping/2022052409342716533524674305.jpg""}, {""name"": ""찹쌀"", ""image_url"": ""https://salady.com:443/superboard/data/topping/2022052409372716533526479982.jpg""}, {""name"": ""찰보리"", ""image_url"": ""https://salady.com:443/superboard/data/topping/2022052409380516533526852457.jpg""}, {""name"": ""로메인"", ""image_url"": ""https://salady.com:443/superboard/data/topping/2022052409362216533525826974.jpg""}, {""name"": ""프릴아이스"", ""image_url"": ""https://salady.com:443/superboard/data/topping/2023050914224216836097629221.jpeg""}, {""name"": ""적채"", ""image_url"": ""https://salady.com:443/superboard/data/topping/2026050710511217781186725711.png""}]"
[],채소,salady,"{""name"": ""그라브락스 연어 랩"", ""base_kcal"": 475.4, ""addon_kcal"": {""vegetable"": 3.0, ""grain"": 0.0, ""buckwheat"": 67.9, ""noodles"": 100.05}}",랩&샌드위치,크리미할라피뇨,,"{""name"": ""크리미할라피뇨"", ""type"": ""included"", ""official"": ""크리미할라피뇨""}",included,132,https://salady.com:443/superboard/data/product/thumb/2038866161_fDquWRk4_8b1b0ef18b7e2cda96af37de29331371383e356a.png,크리미할라피뇨,main,Gravlax Salmon Wrap,그라브락스 연어 랩,랩&샌드위치,"{""메뉴"": ""그라브락스 연어 랩"", ""열량(kcal)"": ""475.4"", ""탄수화물(g)"": ""40.0"", ""당류(g)"": ""8.9"", ""단백질(g)"": ""17.6"", ""지방(g)"": ""27.6"", ""포화지방(g)"": ""6.1"", ""나트륨(mg)"": ""1014.2""}","{""메뉴"": ""그라브락스 연어 랩"", ""열량(kcal)"": ""475.4"", ""탄수화물(g)"": ""40.0"", ""당류(g)"": ""8.9"", ""단백질(g)"": ""17.6"", ""지방(g)"": ""27.6"", ""포화지방(g)"": ""6.1"", ""나트륨(mg)"": ""1014.2""}",,[],"그라브락스 연어, 양파, 토마토",https://salady.com/menu/view_1?idx=132&ca_id=05,"[{""name"": ""로메인"", ""image_url"": ""https://salady.com:443/superboard/data/topping/2022052409362216533525826974.jpg""}, {""name"": ""프릴아이스"", ""image_url"": ""https://salady.com:443/superboard/data/topping/2023050914224216836097629221.jpeg""}, {""name"": ""적채"", ""image_url"": ""https://salady.com:443/superboard/data/topping/2026050710511217781186725711.png""}]"
[],채소,salady,"{""name"": ""시저치킨 랩"", ""base_kcal"": 500.9, ""addon_kcal"": {""vegetable"": 3.0, ""grain"": 0.0, ""buckwheat"": 67.9, ""noodles"": 100.05}}",랩&샌드위치,시저,,"{""name"": ""시저"", ""type"": ""included"", ""official"": ""시저""}",included,54,https://salady.com:443/superboard/data/product/thumb/2038866161_NIByd57s_024334c0e733dba1dfd4aa32f96622a67916bb21.png,시저,main,Caesar Chicken Wrap,시저치킨 랩,랩&샌드위치,"{""메뉴"": ""시저치킨 랩"", ""열량(kcal)"": ""500.9"", ""탄수화물(g)"": ""46.2"", ""당류(g)"": ""12.4"", ""단백질(g)"": ""21.8"", ""지방(g)"": ""25.7"", ""포화지방(g)"": ""6.3"", ""나트륨(mg)"": ""877.4""}","{""메뉴"": ""시저치킨 랩"", ""열량(kcal)"": ""500.9"", ""탄수화물(g)"": ""46.2"", ""당류(g)"": ""12.4"", ""단백질(g)"": ""21.8"", ""지방(g)"": ""25.7"", ""포화지방(g)"": ""6.3"", ""나트륨(mg)"": ""877.4""}",,[],"시즈닝 닭가슴살, 크랜베리",https://salady.com/menu/view_1?idx=54&ca_id=05,"[{""name"": ""로메인"", ""image_url"": ""https://salady.com:443/superboard/data/topping/2022052409362216533525826974.jpg""}, {""name"": ""프릴아이스"", ""image_url"": ""https://salady.com:443/superboard/data/topping/2023050914224216836097629221.jpeg""}, {""name"": ""적채"", ""image_url"": ""https://salady.com:443/superboard/data/topping/2026050710511217781186725711.png""}]"
[],채소,salady,"{""name"": ""로스트닭다리살 랩"", ""base_kcal"": 549.6, ""addon_kcal"": {""vegetable"": 3.0, ""grain"": 0.0, ""buckwheat"": 67.9, ""noodles"": 100.05}}",랩&샌드위치,크리미할라피뇨,,"{""name"": ""크리미할라피뇨"", ""type"": ""included"", ""official"": ""크리미할라피뇨""}",included,55,https://salady.com:443/superboard/data/product/thumb/2038866161_LuQIEdfb_c51a65914fb62ea34f7a5d3d82909925bd58b88c.png,크리미할라피뇨,main,Roast Chicken Thigh Wrap,로스트닭다리살 랩,랩&샌드위치,"{""메뉴"": ""로스트닭다리살 랩"", ""열량(kcal)"": ""549.6"", ""탄수화물(g)"": ""46.3"", ""당류(g)"": ""10.3"", ""단백질(g)"": ""19.8"", ""지방(g)"": ""31.9"", ""포화지방(g)"": ""9.2"", ""나트륨(mg)"": ""1206.3""}","{""메뉴"": ""로스트닭다리살 랩"", ""열량(kcal)"": ""549.6"", ""탄수화물(g)"": ""46.3"", ""당류(g)"": ""10.3"", ""단백질(g)"": ""19.8"", ""지방(g)"": ""31.9"", ""포화지방(g)"": ""9.2"", ""나트륨(mg)"": ""1206.3""}",,[],"로스트닭다리살,양파,토마토,할라피뇨,사워크림",https://salady.com/menu/view_1?idx=55&ca_id=05,"[{""name"": ""로메인"", ""image_url"": ""https://salady.com:443/superboard/data/topping/2022052409362216533525826974.jpg""}, {""name"": ""프릴아이스"", ""image_url"": ""https://salady.com:443/superboard/data/topping/2023050914224216836097629221.jpeg""}, {""name"": ""적채"", ""image_url"": ""https://salady.com:443/superboard/data/topping/2026050710511217781186725711.png""}]"
[],*채소 미포함,salady,"{""name"": ""에그마요 랩"", ""base_kcal"": 661.6, ""addon_kcal"": {""vegetable"": 0.0, ""grain"": 0.0, ""buckwheat"": 67.9, ""noodles"": 100.05}}",랩&샌드위치,크리미할라피뇨,,"{""name"": ""크리미할라피뇨"", ""type"": ""included"", ""official"": ""크리미할라피뇨""}",included,91,https://salady.com:443/superboard/data/product/thumb/2038866161_2qAX8tlN_2952a177b02bd3cf443b5c9434c919a6dc483ee3.png,크리미할라피뇨,main,Egg Mayo Wrap,에그마요 랩,랩&샌드위치,"{""메뉴"": ""에그마요 랩"", ""열량(kcal)"": ""661.6"", ""탄수화물(g)"": ""49.7"", ""당류(g)"": ""5.3"", ""단백질(g)"": ""19.4"", ""지방(g)"": ""42.8"", ""포화지방(g)"": ""9.8"", ""나트륨(mg)"": ""1054.3""}","{""메뉴"": ""에그마요 랩"", ""열량(kcal)"": ""661.6"", ""탄수화물(g)"": ""49.7"", ""당류(g)"": ""5.3"", ""단백질(g)"": ""19.4"", ""지방(g)"": ""42.8"", ""포화지방(g)"": ""9.8"", ""나트륨(mg)"": ""1054.3""}",,[],"에그마요, 옥수수, 칩베이컨, 나쵸칩",https://salady.com/menu/view_1?idx=91&ca_id=05,[]
[],채소,salady,"{""name"": ""바질치킨 랩"", ""base_kcal"": 523.9, ""addon_kcal"": {""vegetable"": 3.0, ""grain"": 0.0, ""buckwheat"": 67.9, ""noodles"": 100.05}}",랩&샌드위치,시저,,"{""name"": ""시저"", ""type"": ""included"", ""official"": ""시저""}",included,146,https://salady.com:443/superboard/data/product/thumb/2038866161_HSzvM5pd_69ba9b8e88ed982f46f04d240da78acdd1a3c745.png,시저,main,Basil Chicken Wrap,바질치킨 랩,랩&샌드위치,"{""메뉴"": ""바질치킨 랩"", ""열량(kcal)"": ""523.9"", ""탄수화물(g)"": ""44.7"", ""당류(g)"": ""12.6"", ""단백질(g)"": ""24.2"", ""지방(g)"": ""26.8"", ""포화지방(g)"": ""6.8"", ""나트륨(mg)"": ""932.4""}","{""메뉴"": ""바질치킨 랩"", ""열량(kcal)"": ""523.9"", ""탄수화물(g)"": ""44.7"", ""당류(g)"": ""12.6"", ""단백질(g)"": ""24.2"", ""지방(g)"": ""26.8"", ""포화지방(g)"": ""6.8"", ""나트륨(mg)"": ""932.4""}",,[],"시즈닝 닭가슴살, 바질페스토, 크랜베리",https://salady.com/menu/view_1?idx=146&ca_id=05,"[{""name"": ""로메인"", ""image_url"": ""https://salady.com:443/superboard/data/topping/2022052409362216533525826974.jpg""}, {""name"": ""프릴아이스"", ""image_url"": ""https://salady.com:443/superboard/data/topping/2023050914224216836097629221.jpeg""}, {""name"": ""적채"", ""image_url"": ""https://salady.com:443/superboard/data/topping/2026050710511217781186725711.png""}]"
[],채소,salady,"{""name"": ""바질크림 잠봉 랩"", ""base_kcal"": 462.9, ""addon_kcal"": {""vegetable"": 2.0, ""grain"": 0.0, ""buckwheat"": 67.9, ""noodles"": 100.05}}",랩&샌드위치,바질페스토,,"{""name"": ""바질페스토"", ""type"": ""included"", ""official"": ""바질페스토""}",included,153,https://salady.com:443/superboard/data/product/thumb/2038866161_OFkMUHg8_b048d8282e981c8c1a474400c85028db867d4c1c.png,바질페스토,main,Basil Cream Jambon,바질크림 잠봉 랩,랩&샌드위치,"{""메뉴"": ""바질크림 잠봉 랩"", ""열량(kcal)"": ""462.9"", ""탄수화물(g)"": ""41.8"", ""당류(g)"": ""10.9"", ""단백질(g)"": ""16.4"", ""지방(g)"": ""24.5"", ""포화지방(g)"": ""6.9"", ""나트륨(mg)"": ""1068.9""}","{""메뉴"": ""바질크림 잠봉 랩"", ""열량(kcal)"": ""462.9"", ""탄수화물(g)"": ""41.8"", ""당류(g)"": ""10.9"", ""단백질(g)"": ""16.4"", ""지방(g)"": ""24.5"", ""포화지방(g)"": ""6.9"", ""나트륨(mg)"": ""1068.9""}",,[],"잠봉, 당근라페, 양파, 적채, 화이트치즈",https://salady.com/menu/view_1?idx=153&ca_id=05,"[{""name"": ""로메인"", ""image_url"": ""https://salady.com:443/superboard/data/topping/2022052409362216533525826974.jpg""}, {""name"": ""적채"", ""image_url"": ""https://salady.com:443/superboard/data/topping/2026050710511217781186725711.png""}]"
[],채소,salady,"{""name"": ""채소볼"", ""base_kcal"": 10.5, ""addon_kcal"": {""vegetable"": 3.0, ""grain"": 158.1, ""buckwheat"": 67.9, ""noodles"": 100.05}}",나만의 샐러디,,,,,137,https://salady.com:443/superboard/data/product/thumb/2038866161_GdNsaBKk_67f2a44ac8f7f021bc2817aa84ca5f6c9cc0591a.png,,main,Salady,채소볼,나만의 샐러디,"{""메뉴"": ""채소볼"", ""열량(kcal)"": ""10.5"", ""탄수화물(g)"": ""1.4"", ""당류(g)"": ""0.5"", ""단백질(g)"": ""0.9"", ""지방(g)"": ""0.2"", ""포화지방(g)"": ""0.0"", ""나트륨(mg)"": ""7.9""}","{""메뉴"": ""채소볼"", ""열량(kcal)"": ""10.5"", ""탄수화물(g)"": ""1.4"", ""당류(g)"": ""0.5"", ""단백질(g)"": ""0.9"", ""지방(g)"": ""0.2"", ""포화지방(g)"": ""0.0"", ""나트륨(mg)"": ""7.9""}",,"[""VEGAN""]",,https://salady.com/menu/view_1?idx=137&ca_id=07,"[{""name"": ""로메인"", ""image_url"": ""https://salady.com:443/superboard/data/topping/2022052409362216533525826974.jpg""}, {""name"": ""프릴아이스"", ""image_url"": ""https://salady.com:443/superboard/data/topping/2023050914224216836097629221.jpeg""}, {""name"": ""적채"", ""image_url"": ""https://salady.com:443/superboard/data/topping/2026050710511217781186725711.png""}]"
[],"곡물, 채소",salady,"{""name"": ""포케볼"", ""base_kcal"": 271.1, ""addon_kcal"": {""vegetable"": 3.0, ""grain"": 158.1, ""buckwheat"": 67.9, ""noodles"": 100.05}}",나만의 샐러디,,,,,138,https://salady.com:443/superboard/data/product/thumb/2038866161_rpDila9Q_53cd6eaa74dc62c0bc17cf54dc8225d2e82d32b6.png,,main,Poke Bowl,포케볼,나만의 샐러디,"{""메뉴"": ""포케볼"", ""열량(kcal)"": ""271.1"", ""탄수화물(g)"": ""50.6"", ""당류(g)"": ""0.4"", ""단백질(g)"": ""7.9"", ""지방(g)"": ""4.2"", ""포화지방(g)"": ""0.7"", ""나트륨(mg)"": ""53.0""}","{""메뉴"": ""포케볼"", ""열량(kcal)"": ""271.1"", ""탄수화물(g)"": ""50.6"", ""당류(g)"": ""0.4"", ""단백질(g)"": ""7.9"", ""지방(g)"": ""4.2"", ""포화지방(g)"": ""0.7"", ""나트륨(mg)"": ""53.0""}",,[],후리가케,https://salady.com/menu/view_1?idx=138&ca_id=07,"[{""name"": ""귀리"", ""image_url"": ""https://salady.com:443/superboard/data/topping/2022052409342716533524674305.jpg""}, {""name"": ""찹쌀"", ""image_url"": ""https://salady.com:443/superboard/data/topping/2022052409372716533526479982.jpg""}, {""name"": ""찰보리"", ""image_url"": ""https://salady.com:443/superboard/data/topping/2022052409380516533526852457.jpg""}, {""name"": ""로메인"", ""image_url"": ""https://salady.com:443/superboard/data/topping/2022052409362216533525826974.jpg""}, {""name"": ""프릴아이스"", ""image_url"": ""https://salady.com:443/superboard/data/topping/2023050914224216836097629221.jpeg""}, {""name"": ""적채"", ""image_url"": ""https://salady.com:443/superboard/data/topping/2026050710511217781186725711.png""}]"
[],"메밀면, 채소",salady,"{""name"": ""메밀면볼"", ""base_kcal"": 144.2, ""addon_kcal"": {""vegetable"": 3.0, ""grain"": 158.1, ""buckwheat"": 67.9, ""noodles"": 100.05}}",나만의 샐러디,,,,,139,https://salady.com:443/superboard/data/product/thumb/2038866161_rWqIDkfL_331104cb0965c187bc4aaccc81262179d19f4263.png,,main,Buckwheat Noodle Bowl,메밀면볼,나만의 샐러디,"{""메뉴"": ""메밀면볼"", ""열량(kcal)"": ""144.2"", ""탄수화물(g)"": ""25.8"", ""당류(g)"": ""0.4"", ""단백질(g)"": ""5.8"", ""지방(g)"": ""1.9"", ""포화지방(g)"": ""0.3"", ""나트륨(mg)"": ""182.8""}","{""메뉴"": ""메밀면볼"", ""열량(kcal)"": ""144.2"", ""탄수화물(g)"": ""25.8"", ""당류(g)"": ""0.4"", ""단백질(g)"": ""5.8"", ""지방(g)"": ""1.9"", ""포화지방(g)"": ""0.3"", ""나트륨(mg)"": ""182.8""}",,[],,https://salady.com/menu/view_1?idx=139&ca_id=07,"[{""name"": ""로메인"", ""image_url"": ""https://salady.com:443/superboard/data/topping/2022052409362216533525826974.jpg""}, {""name"": ""프릴아이스"", ""image_url"": ""https://salady.com:443/superboard/data/topping/2023050914224216836097629221.jpeg""}, {""name"": ""적채"", ""image_url"": ""https://salady.com:443/superboard/data/topping/2026050710511217781186725711.png""}]"
[],"파스타면, 채소",salady,"{""name"": ""파스타볼"", ""base_kcal"": 157.7, ""addon_kcal"": {""vegetable"": 3.0, ""grain"": 158.1, ""buckwheat"": 67.9, ""noodles"": 100.05}}",나만의 샐러디,,,,,140,https://salady.com:443/superboard/data/product/thumb/2038866161_BDvEMJST_6e432d364246af044a312cdec9e007ec47def3ab.png,,main,Pasta Bowl,파스타볼,나만의 샐러디,"{""메뉴"": ""파스타볼"", ""열량(kcal)"": ""157.7"", ""탄수화물(g)"": ""28.0"", ""당류(g)"": ""0.4"", ""단백질(g)"": ""5.2"", ""지방(g)"": ""2.8"", ""포화지방(g)"": ""0.3"", ""나트륨(mg)"": ""6.3""}","{""메뉴"": ""파스타볼"", ""열량(kcal)"": ""157.7"", ""탄수화물(g)"": ""28.0"", ""당류(g)"": ""0.4"", ""단백질(g)"": ""5.2"", ""지방(g)"": ""2.8"", ""포화지방(g)"": ""0.3"", ""나트륨(mg)"": ""6.3""}",,[],,https://salady.com/menu/view_1?idx=140&ca_id=07,"[{""name"": ""로메인"", ""image_url"": ""https://salady.com:443/superboard/data/topping/2022052409362216533525826974.jpg""}, {""name"": ""프릴아이스"", ""image_url"": ""https://salady.com:443/superboard/data/topping/2023050914224216836097629221.jpeg""}, {""name"": ""적채"", ""image_url"": ""https://salady.com:443/superboard/data/topping/2026050710511217781186725711.png""}]"
[],"파스타면, 채소",salady_sandwich,"{""name"": ""고추장제육 들기름파스타 누들볼"", ""base_kcal"": 350.7, ""addon_kcal"": {""vegetable"": 3.0, ""grain"": 158.1, ""buckwheat"": 67.9, ""noodles"": 100.05}}",새로운 메뉴,오리엔탈,,"{""name"": ""오리엔탈"", ""type"": ""included"", ""official"": ""오리엔탈""}",included,43,https://salady.com:443/superboard/data/product2/thumb/2038866161_HA8qU9D7_ce43109fd28f22ac52e4cd8ae43388da71661cea.png,오리엔탈,main,Gochujang Bulgogi Perilla Oil Pasta,고추장제육 들기름파스타 누들볼,데일리볼,"{""메뉴"": ""고추장제육 들기름파스타 누들볼"", ""열량(kcal)"": ""350.7"", ""탄수화물(g)"": ""48.2"", ""당류(g)"": ""7.5"", ""단백질(g)"": ""17.5"", ""지방(g)"": ""10.5"", ""포화지방(g)"": ""1.8"", ""나트륨(mg)"": ""627.8""}","{""메뉴"": ""고추장제육 들기름파스타 누들볼"", ""열량(kcal)"": ""350.7"", ""탄수화물(g)"": ""48.2"", ""당류(g)"": ""7.5"", ""단백질(g)"": ""17.5"", ""지방(g)"": ""10.5"", ""포화지방(g)"": ""1.8"", ""나트륨(mg)"": ""627.8""}",,"[""NEW""]","고추장제육, 바베큐소스, 머쉬룸, 적채, 양파, 후리가케, (저당) 들기름소이",https://salady.com/menu2/view_1?menu2=1&idx=43&ca_id=03,"[{""name"": ""로메인"", ""image_url"": ""https://salady.com:443/superboard/data/topping2/2026042818184217773679224348.jpg""}, {""name"": ""카이피라"", ""image_url"": ""https://salady.com:443/superboard/data/topping2/2026050710553717781189373295.png""}, {""name"": ""적채"", ""image_url"": ""https://salady.com:443/superboard/data/topping2/2026050710563417781189949345.png""}]"
[],"파스타면, 채소",salady_sandwich,"{""name"": ""고추장제육 간장메밀 누들볼"", ""base_kcal"": 412.1, ""addon_kcal"": {""vegetable"": 3.0, ""grain"": 158.1, ""buckwheat"": 67.9, ""noodles"": 100.05}}",새로운 메뉴,청양간장 소스포함(*별도 드레싱 미제공),,"{""name"": ""청양간장 소스포함"", ""type"": ""included"", ""official"": ""청양간장 소스포함""}",included,19,https://salady.com:443/superboard/data/product2/thumb/2038866161_8B3ObfiF_a67ff895b8d30a4f64e8311831dd5c851d3e6da2.png,청양간장 소스포함,main,Gochujang Bulgogi Soy Buckwheat Noodles,고추장제육 간장메밀 누들볼,데일리볼,"{""메뉴"": ""고추장제육 간장메밀 누들볼"", ""열량(kcal)"": ""412.1"", ""탄수화물(g)"": ""49.2"", ""당류(g)"": ""12.4"", ""단백질(g)"": ""20.2"", ""지방(g)"": ""15.7"", ""포화지방(g)"": ""2.8"", ""나트륨(mg)"": ""1612.0""}","{""메뉴"": ""고추장제육 간장메밀 누들볼"", ""열량(kcal)"": ""412.1"", ""탄수화물(g)"": ""49.2"", ""당류(g)"": ""12.4"", ""단백질(g)"": ""20.2"", ""지방(g)"": ""15.7"", ""포화지방(g)"": ""2.8"", ""나트륨(mg)"": ""1612.0""}",,"[""NEW""]","고추장제육, 바베큐소스, 머쉬룸, 적채, 양파, 당근라페, 참기름, 청양간장 드레싱",https://salady.com/menu2/view_1?menu2=1&idx=19&ca_id=03,"[{""name"": ""로메인"", ""image_url"": ""https://salady.com:443/superboard/data/topping2/2026042818184217773679224348.jpg""}, {""name"": ""카이피라"", ""image_url"": ""https://salady.com:443/superboard/data/topping2/2026050710553717781189373295.png""}, {""name"": ""프릴아이스"", ""image_url"": ""https://salady.com:443/superboard/data/topping2/2026050710561217781189724301.jpeg""}, {""name"": ""적채"", ""image_url"": ""https://salady.com:443/superboard/data/topping2/2026050710563417781189949345.png""}]"
[],"메밀면, 채소",salady_sandwich,{},베스트 메뉴,오리엔탈,,"{""name"": ""오리엔탈"", ""type"": ""included"", ""official"": ""오리엔탈""}",included,20,https://salady.com:443/superboard/data/product2/thumb/2038866161_tjsTRk1Z_3439d58e12fc21f23b6e1bc156e23051ec26e2d6.png,오리엔탈,main,Beef Loin Buckwheat Noodles,우삼겹메밀 누들볼,데일리볼,"{""메뉴"": ""우삼겹메밀 누들볼"", ""열량(kcal)"": ""406.6"", ""탄수화물(g)"": ""36.1"", ""당류(g)"": ""5.0"", ""단백질(g)"": ""18.0"", ""지방(g)"": ""21.2"", ""포화지방(g)"": ""6.1"", ""나트륨(mg)"": ""350.3""}","{""메뉴"": ""우삼겹메밀 누들볼"", ""열량(kcal)"": ""406.6"", ""탄수화물(g)"": ""36.1"", ""당류(g)"": ""5.0"", ""단백질(g)"": ""18.0"", ""지방(g)"": ""21.2"", ""포화지방(g)"": ""6.1"", ""나트륨(mg)"": ""350.3""}",,"[""BEST""]","우삼겹, 적채, 양파, 견과류",https://salady.com/menu2/view_1?menu2=1&idx=20&ca_id=03,"[{""name"": ""로메인"", ""image_url"": ""https://salady.com:443/superboard/data/topping2/2026042818184217773679224348.jpg""}, {""name"": ""프릴아이스"", ""image_url"": ""https://salady.com:443/superboard/data/topping2/2026050710561217781189724301.jpeg""}, {""name"": ""적채"", ""image_url"": ""https://salady.com:443/superboard/data/topping2/2026050710563417781189949345.png""}]"
[],채소,salady_sandwich,"{""name"": ""로스트닭다리살 샐러디"", ""base_kcal"": 259.2, ""addon_kcal"": {""vegetable"": 3.0, ""grain"": 158.1, ""buckwheat"": 67.9, ""noodles"": 100.05}}",베스트 메뉴,크리미할라피뇨,,"{""name"": ""크리미할라피뇨"", ""type"": ""recommended"", ""official"": ""크리미할라피뇨""}",recommended,16,https://salady.com:443/superboard/data/product2/thumb/2038866161_DkeE56Lm_ff7728df4a87283c40c5cfb4d8fd5df79ad0df74.png,,main,Roast Chicken Thigh,로스트닭다리살 샐러디,샐러디,"{""메뉴"": ""로스트닭다리살 샐러디"", ""열량(kcal)"": ""326.6"", ""탄수화물(g)"": ""34.7"", ""당류(g)"": ""14.4"", ""단백질(g)"": ""13.8"", ""지방(g)"": ""14.8"", ""포화지방(g)"": ""4.8"", ""나트륨(mg)"": ""569.8""}","{""메뉴"": ""로스트닭다리살 샐러디"", ""열량(kcal)"": ""326.6"", ""탄수화물(g)"": ""34.7"", ""당류(g)"": ""14.4"", ""단백질(g)"": ""13.8"", ""지방(g)"": ""14.8"", ""포화지방(g)"": ""4.8"", ""나트륨(mg)"": ""569.8""}",크리미할라피뇨,"[""BEST""]","로스트닭다리살, 스윗포테이토, 양파, 옥수수, 할라피뇨, 토마토, 양파플레이크",https://salady.com/menu2/view_1?menu2=1&idx=16&ca_id=02,"[{""name"": ""로메인"", ""image_url"": ""https://salady.com:443/superboard/data/topping2/2026042818184217773679224348.jpg""}, {""name"": ""카이피라"", ""image_url"": ""https://salady.com:443/superboard/data/topping2/2026050710553717781189373295.png""}, {""name"": ""프릴아이스"", ""image_url"": ""https://salady.com:443/superboard/data/topping2/2026050710561217781189724301.jpeg""}, {""name"": ""적채"", ""image_url"": ""https://salady.com:443/superboard/data/topping2/2026050710563417781189949345.png""}]"
[],"곡물, 채소",salady_sandwich,"{""name"": ""그라브락스 연어 포케볼"", ""base_kcal"": 461.3, ""addon_kcal"": {""vegetable"": 3.0, ""grain"": 158.1, ""buckwheat"": 67.9, ""noodles"": 100.05}}",베스트 메뉴,(저당) 참깨소이,,"{""name"": ""(저당) 참깨소이"", ""type"": ""included"", ""official"": ""(저당) 참깨소이""}",included,21,https://salady.com:443/superboard/data/product2/thumb/2038866161_NzZqfhQA_b637c3384a654631f2a501126e3b2d762983a9d1.png,(저당) 참깨소이,main,Gravlax Salmon Poke,그라브락스 연어 포케볼,데일리볼,"{""메뉴"": ""그라브락스 연어 포케볼"", ""열량(kcal)"": ""461.3"", ""탄수화물(g)"": ""62.5"", ""당류(g)"": ""4.4"", ""단백질(g)"": ""22.0"", ""지방(g)"": ""14.0"", ""포화지방(g)"": ""3.1"", ""나트륨(mg)"": ""577.1""}","{""메뉴"": ""그라브락스 연어 포케볼"", ""열량(kcal)"": ""461.3"", ""탄수화물(g)"": ""62.5"", ""당류(g)"": ""4.4"", ""단백질(g)"": ""22.0"", ""지방(g)"": ""14.0"", ""포화지방(g)"": ""3.1"", ""나트륨(mg)"": ""577.1""}",,"[""BEST"", ""LOW SUGAR""]","그라브락스 연어, 양파플레이크, 양파, 적채, 후리가케, 옥수수, 엑스트라버진 올리브오일",https://salady.com/menu2/view_1?menu2=1&idx=21&ca_id=03,"[{""name"": ""귀리"", ""image_url"": ""https://salady.com:443/superboard/data/topping2/2026042818175417773678749997.jpg""}, {""name"": ""찹쌀"", ""image_url"": ""https://salady.com:443/superboard/data/topping2/2026050710583317781191134048.jpg""}, {""name"": ""찰보리"", ""image_url"": ""https://salady.com:443/superboard/data/topping2/2026050710590317781191435575.jpg""}, {""name"": ""로메인"", ""image_url"": ""https://salady.com:443/superboard/data/topping2/2026042818184217773679224348.jpg""}, {""name"": ""카이피라"", ""image_url"": ""https://salady.com:443/superboard/data/topping2/2026050710553717781189373295.png""}, {""name"": ""프릴아이스"", ""image_url"": ""https://salady.com:443/superboard/data/topping2/2026050710561217781189724301.jpeg""}, {""name"": ""적채"", ""image_url"": ""https://salady.com:443/superboard/data/topping2/2026050710563417781189949345.png""}]"
[],채소,salady_sandwich,"{""name"": ""타코 쉬림프 샐러디"", ""base_kcal"": 192.1, ""addon_kcal"": {""vegetable"": 3.0, ""grain"": 158.1, ""buckwheat"": 67.9, ""noodles"": 100.05}}",베스트 메뉴,크리미칠리,,"{""name"": ""크리미칠리"", ""type"": ""recommended"", ""official"": ""크리미칠리""}",recommended,18,https://salady.com:443/superboard/data/product2/thumb/2038866161_THbtml0I_1bfe955ef7e6f817f0f5e438483781ace736f037.png,,main,Taco Shrimp Salady,타코 쉬림프 샐러디,샐러디,"{""메뉴"": ""타코 쉬림프 샐러디"", ""열량(kcal)"": ""192.1"", ""탄수화물(g)"": ""11.6"", ""당류(g)"": ""2.9"", ""단백질(g)"": ""15.7"", ""지방(g)"": ""9.2"", ""포화지방(g)"": ""3.0"", ""나트륨(mg)"": ""572.6""}","{""메뉴"": ""타코 쉬림프 샐러디"", ""열량(kcal)"": ""192.1"", ""탄수화물(g)"": ""11.6"", ""당류(g)"": ""2.9"", ""단백질(g)"": ""15.7"", ""지방(g)"": ""9.2"", ""포화지방(g)"": ""3.0"", ""나트륨(mg)"": ""572.6""}",크리미칠리,"[""BEST""]","케이준 쉬림프, 할라피뇨, 옥수수, 양파, 그라운드비프, 나쵸칩, 사워크림",https://salady.com/menu2/view_1?menu2=1&idx=18&ca_id=02,"[{""name"": ""로메인"", ""image_url"": ""https://salady.com:443/superboard/data/topping2/2026042818184217773679224348.jpg""}, {""name"": ""카이피라"", ""image_url"": ""https://salady.com:443/superboard/data/topping2/2026050710553717781189373295.png""}, {""name"": ""프릴아이스"", ""image_url"": ""https://salady.com:443/superboard/data/topping2/2026050710561217781189724301.jpeg""}, {""name"": ""적채"", ""image_url"": ""https://salady.com:443/superboard/data/topping2/2026050710563417781189949345.png""}]"
[],채소,salady_sandwich,"{""name"": ""멕시칸 랩"", ""base_kcal"": 607.4, ""addon_kcal"": {""vegetable"": 3.0, ""grain"": 0.0, ""buckwheat"": 67.9, ""noodles"": 100.05}}",베스트 메뉴,크리미칠리,,"{""name"": ""크리미칠리"", ""type"": ""included"", ""official"": ""크리미칠리""}",included,32,https://salady.com:443/superboard/data/product2/thumb/2038866161_4P0LRGpJ_4dfe6ea3034be835f6813e41a6d89d61c503e578.png,크리미칠리,main,Mexican,멕시칸 랩,랩,"{""메뉴"": ""멕시칸 랩"", ""열량(kcal)"": ""607.4"", ""탄수화물(g)"": ""52.5"", ""당류(g)"": ""10.9"", ""단백질(g)"": ""19.4"", ""지방(g)"": ""35.1"", ""포화지방(g)"": ""9.9"", ""나트륨(mg)"": ""931.2""}","{""메뉴"": ""멕시칸 랩"", ""열량(kcal)"": ""607.4"", ""탄수화물(g)"": ""52.5"", ""당류(g)"": ""10.9"", ""단백질(g)"": ""19.4"", ""지방(g)"": ""35.1"", ""포화지방(g)"": ""9.9"", ""나트륨(mg)"": ""931.2""}",,"[""BEST""]","그라운드비프, 나쵸칩, 사워크림",https://salady.com/menu2/view_1?menu2=1&idx=32&ca_id=05,"[{""name"": ""로메인"", ""image_url"": ""https://salady.com:443/superboard/data/topping2/2026042818184217773679224348.jpg""}, {""name"": ""카이피라"", ""image_url"": ""https://salady.com:443/superboard/data/topping2/2026050710553717781189373295.png""}, {""name"": ""프릴아이스"", ""image_url"": ""https://salady.com:443/superboard/data/topping2/2026050710561217781189724301.jpeg""}, {""name"": ""적채"", ""image_url"": ""https://salady.com:443/superboard/data/topping2/2026050710563417781189949345.png""}]"
[],채소,salady_sandwich,"{""name"": ""타코 쉬림프 랩"", ""base_kcal"": 501.1, ""addon_kcal"": {""vegetable"": 3.0, ""grain"": 0.0, ""buckwheat"": 67.9, ""noodles"": 100.05}}",베스트 메뉴,허니머스타드,,"{""name"": ""허니머스타드"", ""type"": ""included"", ""official"": ""허니머스타드""}",included,36,https://salady.com:443/superboard/data/product2/thumb/2038866161_2coZ7CqH_3ae9ce56c61aa44a3e02cb47770e749c9df31ab5.png,허니머스타드,main,Taco Shrimp Wrap,타코 쉬림프 랩,랩,"{""메뉴"": ""타코 쉬림프 랩"", ""열량(kcal)"": ""501.1"", ""탄수화물(g)"": ""59.4"", ""당류(g)"": ""15.5"", ""단백질(g)"": ""15.4"", ""지방(g)"": ""22.4"", ""포화지방(g)"": ""6.0"", ""나트륨(mg)"": ""1123.1""}","{""메뉴"": ""타코 쉬림프 랩"", ""열량(kcal)"": ""501.1"", ""탄수화물(g)"": ""59.4"", ""당류(g)"": ""15.5"", ""단백질(g)"": ""15.4"", ""지방(g)"": ""22.4"", ""포화지방(g)"": ""6.0"", ""나트륨(mg)"": ""1123.1""}",,"[""BEST""]","케이준 쉬림프, 양파, 할라피뇨, 토마토, 나쵸칩, 사워크림",https://salady.com/menu2/view_1?menu2=1&idx=36&ca_id=05,"[{""name"": ""로메인"", ""image_url"": ""https://salady.com:443/superboard/data/topping2/2026042818184217773679224348.jpg""}, {""name"": ""카이피라"", ""image_url"": ""https://salady.com:443/superboard/data/topping2/2026050710553717781189373295.png""}, {""name"": ""프릴아이스"", ""image_url"": ""https://salady.com:443/superboard/data/topping2/2026050710561217781189724301.jpeg""}, {""name"": ""적채"", ""image_url"": ""https://salady.com:443/superboard/data/topping2/2026050710563417781189949345.png""}]"
[],"곡물, 채소",salady_sandwich,"{""name"": ""칠리베이컨 곡물랩"", ""base_kcal"": 730.4, ""addon_kcal"": {""vegetable"": 3.0, ""grain"": 158.1, ""buckwheat"": 67.9, ""noodles"": 100.05}}",베스트 메뉴,크리미칠리,,"{""name"": ""크리미칠리"", ""type"": ""included"", ""official"": ""크리미칠리""}",included,37,https://salady.com:443/superboard/data/product2/thumb/2038866161_VsC6y8It_bcf0c065dc3d2453af8bb70dfcb2569cea55e8c7.png,크리미칠리,main,Chilli Bacon,칠리베이컨 곡물랩,랩,"{""메뉴"": ""칠리베이컨 곡물랩"", ""열량(kcal)"": ""730.4"", ""탄수화물(g)"": ""75.5"", ""당류(g)"": ""12.9"", ""단백질(g)"": ""21.5"", ""지방(g)"": ""37.6"", ""포화지방(g)"": ""10.9"", ""나트륨(mg)"": ""1067.1""}","{""메뉴"": ""칠리베이컨 곡물랩"", ""열량(kcal)"": ""730.4"", ""탄수화물(g)"": ""75.5"", ""당류(g)"": ""12.9"", ""단백질(g)"": ""21.5"", ""지방(g)"": ""37.6"", ""포화지방(g)"": ""10.9"", ""나트륨(mg)"": ""1067.1""}",,"[""BEST""]","에그, 칩베이컨, 옥수수, 양파플레이크",https://salady.com/menu2/view_1?menu2=1&idx=37&ca_id=05,"[{""name"": ""귀리"", ""image_url"": ""https://salady.com:443/superboard/data/topping2/2026042818175417773678749997.jpg""}, {""name"": ""찹쌀"", ""image_url"": ""https://salady.com:443/superboard/data/topping2/2026050710583317781191134048.jpg""}, {""name"": ""찰보리"", ""image_url"": ""https://salady.com:443/superboard/data/topping2/2026050710590317781191435575.jpg""}, {""name"": ""로메인"", ""image_url"": ""https://salady.com:443/superboard/data/topping2/2026042818184217773679224348.jpg""}, {""name"": ""카이피라"", ""image_url"": ""https://salady.com:443/superboard/data/topping2/2026050710553717781189373295.png""}, {""name"": ""프릴아이스"", ""image_url"": ""https://salady.com:443/superboard/data/topping2/2026050710561217781189724301.jpeg""}, {""name"": ""적채"", ""image_url"": ""https://salady.com:443/superboard/data/topping2/2026050710563417781189949345.png""}]"
[],통밀 치아바타,salady_sandwich,"{""name"": ""[프로틴]바질크림 치킨 샌드위치"", ""base_kcal"": 442.8, ""addon_kcal"": {""vegetable"": 2.0, ""grain"": 158.1, ""buckwheat"": 67.9, ""noodles"": 100.05}}",샌드위치,바질페스토,,"{""name"": ""바질페스토"", ""type"": ""included"", ""official"": ""바질페스토""}",included,47,https://salady.com:443/superboard/data/product2/thumb/2038866161_bi0Ogfz8_1f66f35d3334e731ad1f2b5be10a9ad09e51533a.png,바질페스토,main,[Protein]Basil Cream Chicken,[프로틴]바질크림 치킨 샌드위치,샌드위치,"{""메뉴"": ""[프로틴]바질크림 치킨 샌드위치"", ""열량(kcal)"": ""442.8"", ""탄수화물(g)"": ""53.6"", ""당류(g)"": ""7.1"", ""단백질(g)"": ""23.9"", ""지방(g)"": ""14.2"", ""포화지방(g)"": ""3.1"", ""나트륨(mg)"": ""774.2""}","{""메뉴"": ""[프로틴]바질크림 치킨 샌드위치"", ""열량(kcal)"": ""442.8"", ""탄수화물(g)"": ""53.6"", ""당류(g)"": ""7.1"", ""단백질(g)"": ""23.9"", ""지방(g)"": ""14.2"", ""포화지방(g)"": ""3.1"", ""나트륨(mg)"": ""774.2""}",,[],"시즈닝 닭가슴살, 토마토, 당근라페, 화이트치즈, 채소믹스",https://salady.com/menu2/view_1?menu2=1&idx=47&ca_id=01,"[{""name"": ""로메인"", ""image_url"": ""https://salady.com:443/superboard/data/topping2/2026042818184217773679224348.jpg""}, {""name"": ""프릴아이스"", ""image_url"": ""https://salady.com:443/superboard/data/topping2/2026050710561217781189724301.jpeg""}, {""name"": ""적채"", ""image_url"": ""https://salady.com:443/superboard/data/topping2/2026050710563417781189949345.png""}]"
[],통밀 치아바타,salady_sandwich,"{""name"": ""[프로틴]치킨 반미 샌드위치"", ""base_kcal"": 484.0, ""addon_kcal"": {""vegetable"": 3.0, ""grain"": 158.1, ""buckwheat"": 67.9, ""noodles"": 100.05}}",샌드위치,크리미칠리,,"{""name"": ""크리미칠리"", ""type"": ""included"", ""official"": ""크리미칠리""}",included,46,https://salady.com:443/superboard/data/product2/thumb/2038866161_59pBeDLo_66a2e78321dbdea007d588e167c837bc43391c47.png,크리미칠리,main,[Protein]Chicken Banh mi,[프로틴]치킨 반미 샌드위치,샌드위치,"{""메뉴"": ""[프로틴]치킨 반미 샌드위치"", ""열량(kcal)"": ""484.0"", ""탄수화물(g)"": ""60.5"", ""당류(g)"": ""11.7"", ""단백질(g)"": ""22.8"", ""지방(g)"": ""16.9"", ""포화지방(g)"": ""3.4"", ""나트륨(mg)"": ""853.8""}","{""메뉴"": ""[프로틴]치킨 반미 샌드위치"", ""열량(kcal)"": ""484.0"", ""탄수화물(g)"": ""60.5"", ""당류(g)"": ""11.7"", ""단백질(g)"": ""22.8"", ""지방(g)"": ""16.9"", ""포화지방(g)"": ""3.4"", ""나트륨(mg)"": ""853.8""}",,[],"시즈닝 닭가슴살, 양파, 적채, 당근라페, 화이트치즈, 채소믹스",https://salady.com/menu2/view_1?menu2=1&idx=46&ca_id=01,"[{""name"": ""로메인"", ""image_url"": ""https://salady.com:443/superboard/data/topping2/2026042818184217773679224348.jpg""}, {""name"": ""카이피라"", ""image_url"": ""https://salady.com:443/superboard/data/topping2/2026050710553717781189373295.png""}, {""name"": ""적채"", ""image_url"": ""https://salady.com:443/superboard/data/topping2/2026050710563417781189949345.png""}]"
[],통밀 치아바타,salady_sandwich,{},샌드위치,크리미칠리,,"{""name"": ""크리미칠리"", ""type"": ""included"", ""official"": ""크리미칠리""}",included,45,https://salady.com:443/superboard/data/product2/thumb/2038866161_5iO1Bwaz_e3a0b0e0564a6dfe1becdb3fcd6b1b4d71c7df8a.png,크리미칠리,main,[Protein]Melting Cheese Beef,[프로틴]멜팅치즈 비프 샌드위치,샌드위치,"{""메뉴"": ""[프로틴]멜팅치즈 비프 샌드위치"", ""열량(kcal)"": ""763.6"", ""탄수화물(g)"": ""56.6"", ""당류(g)"": ""9.8"", ""단백질(g)"": ""34.3"", ""지방(g)"": ""43.2"", ""포화지방(g)"": ""16.8"", ""나트륨(mg)"": ""1122.6""}","{""메뉴"": ""[프로틴]멜팅치즈 비프 샌드위치"", ""열량(kcal)"": ""763.6"", ""탄수화물(g)"": ""56.6"", ""당류(g)"": ""9.8"", ""단백질(g)"": ""34.3"", ""지방(g)"": ""43.2"", ""포화지방(g)"": ""16.8"", ""나트륨(mg)"": ""1122.6""}",,[],"그라운드비프, 칩베이컨, 몬테레이치즈, 드라이토마토, 슈레드치즈, 화이트치즈 (*채소믹스 미포함)",https://salady.com/menu2/view_1?menu2=1&idx=45&ca_id=01,"[{""name"": ""로메인"", ""image_url"": ""https://salady.com:443/superboard/data/topping2/2026042818184217773679224348.jpg""}, {""name"": ""카이피라"", ""image_url"": ""https://salady.com:443/superboard/data/topping2/2026050710553717781189373295.png""}, {""name"": ""적채"", ""image_url"": ""https://salady.com:443/superboard/data/topping2/2026050710563417781189949345.png""}]"
[],통밀 치아바타,salady_sandwich,{},샌드위치,시저,,"{""name"": ""시저"", ""type"": ""included"", ""official"": ""시저""}",included,44,https://salady.com:443/superboard/data/product2/thumb/2038866161_fgM5qY2m_c1b71e2cb3ea8628ec1d9344540c78827b7cfd37.png,시저,main,[Protein]Melting Cheese Beef Loin,[프로틴]멜팅치즈 우삼겹 샌드위치,샌드위치,"{""메뉴"": ""[프로틴]멜팅치즈 우삼겹 샌드위치"", ""열량(kcal)"": ""747.3"", ""탄수화물(g)"": ""55.8"", ""당류(g)"": ""9.6"", ""단백질(g)"": ""30.7"", ""지방(g)"": ""43.8"", ""포화지방(g)"": ""17.0"", ""나트륨(mg)"": ""1264.8""}","{""메뉴"": ""[프로틴]멜팅치즈 우삼겹 샌드위치"", ""열량(kcal)"": ""747.3"", ""탄수화물(g)"": ""55.8"", ""당류(g)"": ""9.6"", ""단백질(g)"": ""30.7"", ""지방(g)"": ""43.8"", ""포화지방(g)"": ""17.0"", ""나트륨(mg)"": ""1264.8""}",,[],"우삼겹, 몬테레이치즈, 할라피뇨, 당근라페, 슈레드치즈, 화이트치즈 (*채소믹스 미포함)",https://salady.com/menu2/view_1?menu2=1&idx=44&ca_id=01,[]
[],통밀 치아바타,salady_sandwich,{},샌드위치,시저,,"{""name"": ""시저"", ""type"": ""included"", ""official"": ""시저""}",included,3,https://salady.com:443/superboard/data/product2/thumb/2038866161_fpMwDWmC_8761ad185f48456691b1715da872b4a418ea2ec0.png,시저,main,[Protein]Melting Cheese Chicken,[프로틴]멜팅치즈 치킨 샌드위치,샌드위치,"{""메뉴"": ""[프로틴]멜팅치즈 치킨 샌드위치"", ""열량(kcal)"": ""699.6"", ""탄수화물(g)"": ""52.7"", ""당류(g)"": ""5.6"", ""단백질(g)"": ""37.4"", ""지방(g)"": ""36.9"", ""포화지방(g)"": ""14.4"", ""나트륨(mg)"": ""1154.9""}","{""메뉴"": ""[프로틴]멜팅치즈 치킨 샌드위치"", ""열량(kcal)"": ""699.6"", ""탄수화물(g)"": ""52.7"", ""당류(g)"": ""5.6"", ""단백질(g)"": ""37.4"", ""지방(g)"": ""36.9"", ""포화지방(g)"": ""14.4"", ""나트륨(mg)"": ""1154.9""}",,[],"닭가슴살, 몬테레이치즈, 칩베이컨, 슈레드치즈, 화이트치즈 (*채소믹스 미포함)",https://salady.com/menu2/view_1?menu2=1&idx=3&ca_id=01,[]
[],통밀 치아바타,salady_sandwich,"{""name"": ""불고기 반미 샌드위치"", ""base_kcal"": 578.7, ""addon_kcal"": {""vegetable"": 3.0, ""grain"": 158.1, ""buckwheat"": 67.9, ""noodles"": 100.05}}",샌드위치,크리미칠리,,"{""name"": ""크리미칠리"", ""type"": ""included"", ""official"": ""크리미칠리""}",included,4,https://salady.com:443/superboard/data/product2/thumb/2038866161_mV7bEIGH_50ee2145eb5f8544de9e2eabec9f2894c2fb2582.png,크리미칠리,main,Bulgogi Banh mi,불고기 반미 샌드위치,샌드위치,"{""메뉴"": ""불고기 반미 샌드위치"", ""열량(kcal)"": ""578.7"", ""탄수화물(g)"": ""61.3"", ""당류(g)"": ""14.1"", ""단백질(g)"": ""18.7"", ""지방(g)"": ""28.9"", ""포화지방(g)"": ""8.1"", ""나트륨(mg)"": ""899.0""}","{""메뉴"": ""불고기 반미 샌드위치"", ""열량(kcal)"": ""578.7"", ""탄수화물(g)"": ""61.3"", ""당류(g)"": ""14.1"", ""단백질(g)"": ""18.7"", ""지방(g)"": ""28.9"", ""포화지방(g)"": ""8.1"", ""나트륨(mg)"": ""899.0""}",,[],"우삼겹, 양파, 적채, 당근라페, 화이트치즈, 채소믹스",https://salady.com/menu2/view_1?menu2=1&idx=4&ca_id=01,"[{""name"": ""로메인"", ""image_url"": ""https://salady.com:443/superboard/data/topping2/2026042818184217773679224348.jpg""}, {""name"": ""카이피라"", ""image_url"": ""https://salady.com:443/superboard/data/topping2/2026050710553717781189373295.png""}, {""name"": ""프릴아이스"", ""image_url"": ""https://salady.com:443/superboard/data/topping2/2026050710561217781189724301.jpeg""}, {""name"": ""적채"", ""image_url"": ""https://salady.com:443/superboard/data/topping2/2026050710563417781189949345.png""}]"
[],통밀 치아바타,salady_sandwich,"{""name"": ""[프로틴]바질 레몬연어 샌드위치"", ""base_kcal"": 576.5, ""addon_kcal"": {""vegetable"": 3.0, ""grain"": 158.1, ""buckwheat"": 67.9, ""noodles"": 100.05}}",샌드위치,바질페스토,,"{""name"": ""바질페스토"", ""type"": ""included"", ""official"": ""바질페스토""}",included,2,https://salady.com:443/superboard/data/product2/thumb/2038866161_KN8r1XlD_6f2b8b181539a3a838b568d1020ccc6c33844e9a.png,바질페스토,main,[Protein]Basil Lemon Salmon,[프로틴]바질 레몬연어 샌드위치,샌드위치,"{""메뉴"": ""[프로틴]바질 레몬연어 샌드위치"", ""열량(kcal)"": ""576.5"", ""탄수화물(g)"": ""71.0"", ""당류(g)"": ""17.0"", ""단백질(g)"": ""20.8"", ""지방(g)"": ""22.7"", ""포화지방(g)"": ""4.0"", ""나트륨(mg)"": ""1023.0""}","{""메뉴"": ""[프로틴]바질 레몬연어 샌드위치"", ""열량(kcal)"": ""576.5"", ""탄수화물(g)"": ""71.0"", ""당류(g)"": ""17.0"", ""단백질(g)"": ""20.8"", ""지방(g)"": ""22.7"", ""포화지방(g)"": ""4.0"", ""나트륨(mg)"": ""1023.0""}",,[],"그라브락스 연어, 당근라페, 스윗포테이토, 옥수수, 화이트치즈, 채소믹스",https://salady.com/menu2/view_1?menu2=1&idx=2&ca_id=01,"[{""name"": ""로메인"", ""image_url"": ""https://salady.com:443/superboard/data/topping2/2026042818184217773679224348.jpg""}, {""name"": ""프릴아이스"", ""image_url"": ""https://salady.com:443/superboard/data/topping2/2026050710561217781189724301.jpeg""}, {""name"": ""적채"", ""image_url"": ""https://salady.com:443/superboard/data/topping2/2026050710563417781189949345.png""}]"
[],통밀 치아바타,salady_sandwich,"{""name"": ""클래식 치킨 샌드위치"", ""base_kcal"": 469.0, ""addon_kcal"": {""vegetable"": 3.0, ""grain"": 158.1, ""buckwheat"": 67.9, ""noodles"": 100.05}}",샌드위치,시저,,"{""name"": ""시저"", ""type"": ""included"", ""official"": ""시저""}",included,5,https://salady.com:443/superboard/data/product2/thumb/2038866161_r2i47pt8_52cc856cf083d0e4312a4b3697a64857c1f1265c.png,시저,main,Classic Chicken,클래식 치킨 샌드위치,샌드위치,"{""메뉴"": ""클래식 치킨 샌드위치"", ""열량(kcal)"": ""469.0"", ""탄수화물(g)"": ""60.8"", ""당류(g)"": ""13.3"", ""단백질(g)"": ""17.3"", ""지방(g)"": ""17.8"", ""포화지방(g)"": ""3.4"", ""나트륨(mg)"": ""733.8""}","{""메뉴"": ""클래식 치킨 샌드위치"", ""열량(kcal)"": ""469.0"", ""탄수화물(g)"": ""60.8"", ""당류(g)"": ""13.3"", ""단백질(g)"": ""17.3"", ""지방(g)"": ""17.8"", ""포화지방(g)"": ""3.4"", ""나트륨(mg)"": ""733.8""}",,[],"시즈닝 닭가슴살, 크랜베리, 토마토, 화이트치즈, 채소믹스",https://salady.com/menu2/view_1?menu2=1&idx=5&ca_id=01,"[{""name"": ""로메인"", ""image_url"": ""https://salady.com:443/superboard/data/topping2/2026042818184217773679224348.jpg""}, {""name"": ""카이피라"", ""image_url"": ""https://salady.com:443/superboard/data/topping2/2026050710553717781189373295.png""}, {""name"": ""프릴아이스"", ""image_url"": ""https://salady.com:443/superboard/data/topping2/2026050710561217781189724301.jpeg""}, {""name"": ""적채"", ""image_url"": ""https://salady.com:443/superboard/data/topping2/2026050710563417781189949345.png""}]"
[],통밀 치아바타,salady_sandwich,{},샌드위치,허니머스타드,,"{""name"": ""허니머스타드"", ""type"": ""included"", ""official"": ""허니머스타드""}",included,6,https://salady.com:443/superboard/data/product2/thumb/2038866161_aFTholYE_f5277ba014c535b01cf27217149e247b5b76ab33.png,허니머스타드,main,Hawaian Jambon,하와이안 잠봉 샌드위치,샌드위치,"{""메뉴"": ""하와이안 잠봉 샌드위치"", ""열량(kcal)"": ""539.4"", ""탄수화물(g)"": ""72.7"", ""당류(g)"": ""23.7"", ""단백질(g)"": ""19.0"", ""지방(g)"": ""18.8"", ""포화지방(g)"": ""5.8"", ""나트륨(mg)"": ""1015.3""}","{""메뉴"": ""하와이안 잠봉 샌드위치"", ""열량(kcal)"": ""539.4"", ""탄수화물(g)"": ""72.7"", ""당류(g)"": ""23.7"", ""단백질(g)"": ""19.0"", ""지방(g)"": ""18.8"", ""포화지방(g)"": ""5.8"", ""나트륨(mg)"": ""1015.3""}",,[],"잠봉, 파인애플, 슈레드치즈, 크랜베리, 옥수수, 화이트치즈, 채소믹스",https://salady.com/menu2/view_1?menu2=1&idx=6&ca_id=01,"[{""name"": ""로메인"", ""image_url"": ""https://salady.com:443/superboard/data/topping2/2026042818184217773679224348.jpg""}, {""name"": ""카이피라"", ""image_url"": ""https://salady.com:443/superboard/data/topping2/2026050710553717781189373295.png""}, {""name"": ""프릴아이스"", ""image_url"": ""https://salady.com:443/superboard/data/topping2/2026050710561217781189724301.jpeg""}, {""name"": ""적채"", ""image_url"": ""https://salady.com:443/superboard/data/topping2/2026050710563417781189949345.png""}]"
[],통밀 치아바타,salady_sandwich,"{""name"": ""[프로틴]비프에그마요 샌드위치"", ""base_kcal"": 712.6, ""addon_kcal"": {""vegetable"": 3.0, ""grain"": 158.1, ""buckwheat"": 67.9, ""noodles"": 100.05}}",샌드위치,허니머스타드,,"{""name"": ""허니머스타드"", ""type"": ""included"", ""official"": ""허니머스타드""}",included,7,https://salady.com:443/superboard/data/product2/thumb/2038866161_Uu0Xv9yA_0193671f3a52a154e89e041d9a527ee387fae625.png,허니머스타드,main,[Protein]Beef Egg Mayo,[프로틴]비프에그마요 샌드위치,샌드위치,"{""메뉴"": ""[프로틴]비프에그마요 샌드위치"", ""열량(kcal)"": ""712.6"", ""탄수화물(g)"": ""64.9"", ""당류(g)"": ""15.1"", ""단백질(g)"": ""25.5"", ""지방(g)"": ""38.6"", ""포화지방(g)"": ""11.2"", ""나트륨(mg)"": ""1047.3""}","{""메뉴"": ""[프로틴]비프에그마요 샌드위치"", ""열량(kcal)"": ""712.6"", ""탄수화물(g)"": ""64.9"", ""당류(g)"": ""15.1"", ""단백질(g)"": ""25.5"", ""지방(g)"": ""38.6"", ""포화지방(g)"": ""11.2"", ""나트륨(mg)"": ""1047.3""}",,[],"우삼겹, 슈레드치즈, 에그마요, 옥수수, 당근라페, 화이트치즈 (*채소믹스 미포함)",https://salady.com/menu2/view_1?menu2=1&idx=7&ca_id=01,[]
[],통밀 치아바타,salady_sandwich,{},샌드위치,바질페스토,,"{""name"": ""바질페스토"", ""type"": ""included"", ""official"": ""바질페스토""}",included,8,https://salady.com:443/superboard/data/product2/thumb/2038866161_mFkvxfCX_e1596df677114ba968ba22a99e758f257b19fd5f.png,바질페스토,main,Basil Caprese,바질 카프레제 샌드위치,샌드위치,"{""메뉴"": ""바질 카프레제 샌드위치"", ""열량(kcal)"": ""496.8"", ""탄수화물(g)"": ""51.8"", ""당류(g)"": ""6.6"", ""단백질(g)"": ""18.0"", ""지방(g)"": ""23.4"", ""포화지방(g)"": ""8.5"", ""나트륨(mg)"": ""817.9""}","{""메뉴"": ""바질 카프레제 샌드위치"", ""열량(kcal)"": ""496.8"", ""탄수화물(g)"": ""51.8"", ""당류(g)"": ""6.6"", ""단백질(g)"": ""18.0"", ""지방(g)"": ""23.4"", ""포화지방(g)"": ""8.5"", ""나트륨(mg)"": ""817.9""}",,[],"드라이토마토, 토마토, 몬테레이치즈, 화이트치즈, 채소믹스",https://salady.com/menu2/view_1?menu2=1&idx=8&ca_id=01,"[{""name"": ""로메인"", ""image_url"": ""https://salady.com:443/superboard/data/topping2/2026042818184217773679224348.jpg""}, {""name"": ""카이피라"", ""image_url"": ""https://salady.com:443/superboard/data/topping2/2026050710553717781189373295.png""}, {""name"": ""프릴아이스"", ""image_url"": ""https://salady.com:443/superboard/data/topping2/2026050710561217781189724301.jpeg""}, {""name"": ""적채"", ""image_url"": ""https://salady.com:443/superboard/data/topping2/2026050710563417781189949345.png""}]"
[],통밀 치아바타,salady_sandwich,"{""name"": ""[프로틴]프레시 잠봉 샌드위치"", ""base_kcal"": 493.3, ""addon_kcal"": {""vegetable"": 3.0, ""grain"": 158.1, ""buckwheat"": 67.9, ""noodles"": 100.05}}",샌드위치,크리미할라피뇨,,"{""name"": ""크리미할라피뇨"", ""type"": ""included"", ""official"": ""크리미할라피뇨""}",included,9,https://salady.com:443/superboard/data/product2/thumb/2038866161_PQaXdMgr_169af830cd083e9d65ceec3169ec1c45ff50fe4f.png,크리미할라피뇨,main,[Protein]Fresh Jambon,[프로틴]프레시 잠봉 샌드위치,샌드위치,"{""메뉴"": ""[프로틴]프레시 잠봉 샌드위치"", ""열량(kcal)"": ""493.3"", ""탄수화물(g)"": ""54.2"", ""당류(g)"": ""8.5"", ""단백질(g)"": ""20.0"", ""지방(g)"": ""21.7"", ""포화지방(g)"": ""5.2"", ""나트륨(mg)"": ""1135.5""}","{""메뉴"": ""[프로틴]프레시 잠봉 샌드위치"", ""열량(kcal)"": ""493.3"", ""탄수화물(g)"": ""54.2"", ""당류(g)"": ""8.5"", ""단백질(g)"": ""20.0"", ""지방(g)"": ""21.7"", ""포화지방(g)"": ""5.2"", ""나트륨(mg)"": ""1135.5""}",,[],"잠봉, 양파, 슈레드치즈, 토마토, 화이트치즈, 채소믹스",https://salady.com/menu2/view_1?menu2=1&idx=9&ca_id=01,"[{""name"": ""로메인"", ""image_url"": ""https://salady.com:443/superboard/data/topping2/2026042818184217773679224348.jpg""}, {""name"": ""카이피라"", ""image_url"": ""https://salady.com:443/superboard/data/topping2/2026050710553717781189373295.png""}, {""name"": ""프릴아이스"", ""image_url"": ""https://salady.com:443/superboard/data/topping2/2026050710561217781189724301.jpeg""}, {""name"": ""적채"", ""image_url"": ""https://salady.com:443/superboard/data/topping2/2026050710563417781189949345.png""}]"
[],통밀 치아바타,salady_sandwich,"{""name"": ""스파이시 쉬림프 샌드위치"", ""base_kcal"": 463.7, ""addon_kcal"": {""vegetable"": 3.0, ""grain"": 158.1, ""buckwheat"": 67.9, ""noodles"": 100.05}}",샌드위치,크리미칠리,,"{""name"": ""크리미칠리"", ""type"": ""included"", ""official"": ""크리미칠리""}",included,13,https://salady.com:443/superboard/data/product2/thumb/2038866161_RseNhxbU_a79cd5a27d5cbbc1021f911082fa7771f0e61155.png,크리미칠리,main,Spicy Shrimp,스파이시 쉬림프 샌드위치,샌드위치,"{""메뉴"": ""스파이시 쉬림프 샌드위치"", ""열량(kcal)"": ""463.7"", ""탄수화물(g)"": ""55.4"", ""당류(g)"": ""8.7"", ""단백질(g)"": ""18.4"", ""지방(g)"": ""18.5"", ""포화지방(g)"": ""4.4"", ""나트륨(mg)"": ""1176.4""}","{""메뉴"": ""스파이시 쉬림프 샌드위치"", ""열량(kcal)"": ""463.7"", ""탄수화물(g)"": ""55.4"", ""당류(g)"": ""8.7"", ""단백질(g)"": ""18.4"", ""지방(g)"": ""18.5"", ""포화지방(g)"": ""4.4"", ""나트륨(mg)"": ""1176.4""}",,[],"케이준 쉬림프, 할라피뇨, 토마토, 슈레드치즈, 화이트치즈, 채소믹스",https://salady.com/menu2/view_1?menu2=1&idx=13&ca_id=01,"[{""name"": ""로메인"", ""image_url"": ""https://salady.com:443/superboard/data/topping2/2026042818184217773679224348.jpg""}, {""name"": ""카이피라"", ""image_url"": ""https://salady.com:443/superboard/data/topping2/2026050710553717781189373295.png""}, {""name"": ""프릴아이스"", ""image_url"": ""https://salady.com:443/superboard/data/topping2/2026050710561217781189724301.jpeg""}, {""name"": ""적채"", ""image_url"": ""https://salady.com:443/superboard/data/topping2/2026050710563417781189949345.png""}]"
[],채소,salady_sandwich,{},샐러디,(저당) 레몬허브,,"{""name"": ""(저당) 레몬허브"", ""type"": ""recommended"", ""official"": ""(저당) 레몬허브""}",recommended,50,https://salady.com:443/superboard/data/product2/thumb/2038866161_HrwDakQJ_83a5080d0183bdde13728409699acb5074263859.png,,main,Fruity Garden Salady,프루티 가든 샐러디,샐러디,"{""메뉴"": ""프루티 가든 샐러디"", ""열량(kcal)"": ""215.9"", ""탄수화물(g)"": ""26.0"", ""당류(g)"": ""16.5"", ""단백질(g)"": ""4.0"", ""지방(g)"": ""10.8"", ""포화지방(g)"": ""1.3"", ""나트륨(mg)"": ""141.4""}","{""메뉴"": ""프루티 가든 샐러디"", ""열량(kcal)"": ""215.9"", ""탄수화물(g)"": ""26.0"", ""당류(g)"": ""16.5"", ""단백질(g)"": ""4.0"", ""지방(g)"": ""10.8"", ""포화지방(g)"": ""1.3"", ""나트륨(mg)"": ""141.4""}",(저당) 레몬허브,"[""VEGAN"", ""LOW SUGAR""]","드라이토마토, 파인애플, 올리브, 견과류, 크랜베리",https://salady.com/menu2/view_1?menu2=1&idx=50&ca_id=02,"[{""name"": ""로메인"", ""image_url"": ""https://salady.com:443/superboard/data/topping2/2026042818184217773679224348.jpg""}, {""name"": ""프릴아이스"", ""image_url"": ""https://salady.com:443/superboard/data/topping2/2026050710561217781189724301.jpeg""}, {""name"": ""적채"", ""image_url"": ""https://salady.com:443/superboard/data/topping2/2026050710563417781189949345.png""}]"
[],채소,salady_sandwich,"{""name"": ""탄단지 샐러디"", ""base_kcal"": 322.9, ""addon_kcal"": {""vegetable"": 3.0, ""grain"": 158.1, ""buckwheat"": 67.9, ""noodles"": 100.05}}",샐러디,오리엔탈,,"{""name"": ""오리엔탈"", ""type"": ""recommended"", ""official"": ""오리엔탈""}",recommended,14,https://salady.com:443/superboard/data/product2/thumb/2038866161_UuZ8evhn_c08a59add406c98bebbe8fcd438f6a55b97d890b.png,,main,Tandanji,탄단지 샐러디,샐러디,"{""메뉴"": ""탄단지 샐러디"", ""열량(kcal)"": ""322.9"", ""탄수화물(g)"": ""34.3"", ""당류(g)"": ""17.6"", ""단백질(g)"": ""17.9"", ""지방(g)"": ""13.1"", ""포화지방(g)"": ""2.0"", ""나트륨(mg)"": ""225.3""}","{""메뉴"": ""탄단지 샐러디"", ""열량(kcal)"": ""322.9"", ""탄수화물(g)"": ""34.3"", ""당류(g)"": ""17.6"", ""단백질(g)"": ""17.9"", ""지방(g)"": ""13.1"", ""포화지방(g)"": ""2.0"", ""나트륨(mg)"": ""225.3""}",오리엔탈,[],"시즈닝 닭가슴살, 스윗포테이토, 견과류, 크랜베리",https://salady.com/menu2/view_1?menu2=1&idx=14&ca_id=02,"[{""name"": ""로메인"", ""image_url"": ""https://salady.com:443/superboard/data/topping2/2026042818184217773679224348.jpg""}, {""name"": ""카이피라"", ""image_url"": ""https://salady.com:443/superboard/data/topping2/2026050710553717781189373295.png""}, {""name"": ""프릴아이스"", ""image_url"": ""https://salady.com:443/superboard/data/topping2/2026050710561217781189724301.jpeg""}, {""name"": ""적채"", ""image_url"": ""https://salady.com:443/superboard/data/topping2/2026050710563417781189949345.png""}]"
[],채소,salady_sandwich,"{""name"": ""치킨 콥 샐러디"", ""base_kcal"": 209.1, ""addon_kcal"": {""vegetable"": 3.0, ""grain"": 158.1, ""buckwheat"": 67.9, ""noodles"": 100.05}}",샐러디,(저당) 랜치,,"{""name"": ""(저당) 랜치"", ""type"": ""recommended"", ""official"": ""(저당) 랜치""}",recommended,15,https://salady.com:443/superboard/data/product2/thumb/2038866161_B0gcImr4_355cc10c43c6883dba4ec3f07b12f9f5680c9560.png,,main,Chicken Cobb,치킨 콥 샐러디,샐러디,"{""메뉴"": ""치킨 콥 샐러디"", ""열량(kcal)"": ""209.1"", ""탄수화물(g)"": ""7.6"", ""당류(g)"": ""2.1"", ""단백질(g)"": ""23.9"", ""지방(g)"": ""8.7"", ""포화지방(g)"": ""3.5"", ""나트륨(mg)"": ""404.7""}","{""메뉴"": ""치킨 콥 샐러디"", ""열량(kcal)"": ""209.1"", ""탄수화물(g)"": ""7.6"", ""당류(g)"": ""2.1"", ""단백질(g)"": ""23.9"", ""지방(g)"": ""8.7"", ""포화지방(g)"": ""3.5"", ""나트륨(mg)"": ""404.7""}",(저당) 랜치,"[""LOW SUGAR""]","시즈닝 닭가슴살, 에그, 옥수수, 올리브, 토마토, 슈레드치즈",https://salady.com/menu2/view_1?menu2=1&idx=15&ca_id=02,"[{""name"": ""로메인"", ""image_url"": ""https://salady.com:443/superboard/data/topping2/2026042818184217773679224348.jpg""}, {""name"": ""프릴아이스"", ""image_url"": ""https://salady.com:443/superboard/data/topping2/2026050710561217781189724301.jpeg""}, {""name"": ""적채"", ""image_url"": ""https://salady.com:443/superboard/data/topping2/2026050710563417781189949345.png""}]"
[],채소,salady_sandwich,"{""name"": ""그라브락스 연어 샐러디"", ""base_kcal"": 290.3, ""addon_kcal"": {""vegetable"": 3.0, ""grain"": 158.1, ""buckwheat"": 67.9, ""noodles"": 100.05}}",샐러디,(저당) 레몬허브,,"{""name"": ""(저당) 레몬허브"", ""type"": ""recommended"", ""official"": ""(저당) 레몬허브""}",recommended,17,https://salady.com:443/superboard/data/product2/thumb/2038866161_XIYiTuy7_4a60b953451092b3129d5adf2f0df5e8cf7343af.png,,main,Gravlax Salmon,그라브락스 연어 샐러디,샐러디,"{""메뉴"": ""그라브락스 연어 샐러디"", ""열량(kcal)"": ""290.3"", ""탄수화물(g)"": ""6.4"", ""당류(g)"": ""3.7"", ""단백질(g)"": ""20.8"", ""지방(g)"": ""19.8"", ""포화지방(g)"": ""3.5"", ""나트륨(mg)"": ""441.0""}","{""메뉴"": ""그라브락스 연어 샐러디"", ""열량(kcal)"": ""290.3"", ""탄수화물(g)"": ""6.4"", ""당류(g)"": ""3.7"", ""단백질(g)"": ""20.8"", ""지방(g)"": ""19.8"", ""포화지방(g)"": ""3.5"", ""나트륨(mg)"": ""441.0""}",(저당) 레몬허브,"[""LOW SUGAR""]","그라브락스 연어, 에그, 양파, 당근라페, 엑스트라버진 올리브오일",https://salady.com/menu2/view_1?menu2=1&idx=17&ca_id=02,"[{""name"": ""로메인"", ""image_url"": ""https://salady.com:443/superboard/data/topping2/2026042818184217773679224348.jpg""}, {""name"": ""카이피라"", ""image_url"": ""https://salady.com:443/superboard/data/topping2/2026050710553717781189373295.png""}, {""name"": ""프릴아이스"", ""image_url"": ""https://salady.com:443/superboard/data/topping2/2026050710561217781189724301.jpeg""}, {""name"": ""적채"", ""image_url"": ""https://salady.com:443/superboard/data/topping2/2026050710563417781189949345.png""}]"
[],"곡물, 채소",salady_sandwich,"{""name"": ""청양간장 두부 비빔밥"", ""base_kcal"": 604.0, ""addon_kcal"": {""vegetable"": 3.0, ""grain"": 158.1, ""buckwheat"": 67.9, ""noodles"": 100.05}}",데일리볼,청양간장 소스포함 (*드레싱 미제공),,"{""name"": ""청양간장 소스포함"", ""type"": ""included"", ""official"": ""청양간장 소스포함""}",included,48,https://salady.com:443/superboard/data/product2/thumb/2038866161_pRim0yua_947a991fc57160026935b0e67994ee6bd0bb811f.png,청양간장 소스포함,main,Chungyang Soy Tofu bibimbap,청양간장 두부 비빔밥,데일리볼,"{""메뉴"": ""청양간장 두부 비빔밥"", ""열량(kcal)"": ""604.0"", ""탄수화물(g)"": ""71.7"", ""당류(g)"": ""6.0"", ""단백질(g)"": ""17.8"", ""지방(g)"": ""28.1"", ""포화지방(g)"": ""3.7"", ""나트륨(mg)"": ""923.2""}","{""메뉴"": ""청양간장 두부 비빔밥"", ""열량(kcal)"": ""604.0"", ""탄수화물(g)"": ""71.7"", ""당류(g)"": ""6.0"", ""단백질(g)"": ""17.8"", ""지방(g)"": ""28.1"", ""포화지방(g)"": ""3.7"", ""나트륨(mg)"": ""923.2""}",,"[""VEGAN""]","두부, 머쉬룸, 양파, 적채, 당근라페, 견과류, 참기름",https://salady.com/menu2/view_1?menu2=1&idx=48&ca_id=03,"[{""name"": ""귀리"", ""image_url"": ""https://salady.com:443/superboard/data/topping2/2026042818175417773678749997.jpg""}, {""name"": ""찹쌀"", ""image_url"": ""https://salady.com:443/superboard/data/topping2/2026050710583317781191134048.jpg""}, {""name"": ""찰보리"", ""image_url"": ""https://salady.com:443/superboard/data/topping2/2026050710590317781191435575.jpg""}, {""name"": ""로메인"", ""image_url"": ""https://salady.com:443/superboard/data/topping2/2026042818184217773679224348.jpg""}, {""name"": ""프릴아이스"", ""image_url"": ""https://salady.com:443/superboard/data/topping2/2026050710561217781189724301.jpeg""}, {""name"": ""적채"", ""image_url"": ""https://salady.com:443/superboard/data/topping2/2026050710563417781189949345.png""}]"
[],"곡물, 채소",salady_sandwich,"{""name"": ""칠리베이컨 포케볼"", ""base_kcal"": 485.2, ""addon_kcal"": {""vegetable"": 3.0, ""grain"": 158.1, ""buckwheat"": 67.9, ""noodles"": 100.05}}",데일리볼,크리미칠리,,"{""name"": ""크리미칠리"", ""type"": ""included"", ""official"": ""크리미칠리""}",included,22,https://salady.com:443/superboard/data/product2/thumb/2038866161_TVpAC60Q_0aaa5192f59769fec2535d53644ff0754574fe53.png,크리미칠리,main,Chilli Bacon Poke,칠리베이컨 포케볼,데일리볼,"{""메뉴"": ""칠리베이컨 포케볼"", ""열량(kcal)"": ""485.2"", ""탄수화물(g)"": ""61.7"", ""당류(g)"": ""4.5"", ""단백질(g)"": ""18.7"", ""지방(g)"": ""18.0"", ""포화지방(g)"": ""5.9"", ""나트륨(mg)"": ""268.1""}","{""메뉴"": ""칠리베이컨 포케볼"", ""열량(kcal)"": ""485.2"", ""탄수화물(g)"": ""61.7"", ""당류(g)"": ""4.5"", ""단백질(g)"": ""18.7"", ""지방(g)"": ""18.0"", ""포화지방(g)"": ""5.9"", ""나트륨(mg)"": ""268.1""}",,[],"칩베이컨, 에그, 옥수수, 양파플레이크, 양파, 적채, 후리가케",https://salady.com/menu2/view_1?menu2=1&idx=22&ca_id=03,"[{""name"": ""귀리"", ""image_url"": ""https://salady.com:443/superboard/data/topping2/2026042818175417773678749997.jpg""}, {""name"": ""찹쌀"", ""image_url"": ""https://salady.com:443/superboard/data/topping2/2026050710583317781191134048.jpg""}, {""name"": ""찰보리"", ""image_url"": ""https://salady.com:443/superboard/data/topping2/2026050710590317781191435575.jpg""}, {""name"": ""로메인"", ""image_url"": ""https://salady.com:443/superboard/data/topping2/2026042818184217773679224348.jpg""}, {""name"": ""카이피라"", ""image_url"": ""https://salady.com:443/superboard/data/topping2/2026050710553717781189373295.png""}, {""name"": ""프릴아이스"", ""image_url"": ""https://salady.com:443/superboard/data/topping2/2026050710561217781189724301.jpeg""}, {""name"": ""적채"", ""image_url"": ""https://salady.com:443/superboard/data/topping2/2026050710563417781189949345.png""}]"
[],"곡물, 채소",salady_sandwich,"{""name"": ""바베큐닭다리살 포케볼"", ""base_kcal"": 557.3, ""addon_kcal"": {""vegetable"": 3.0, ""grain"": 158.1, ""buckwheat"": 67.9, ""noodles"": 100.05}}",데일리볼,크리미칠리,,"{""name"": ""크리미칠리"", ""type"": ""included"", ""official"": ""크리미칠리""}",included,23,https://salady.com:443/superboard/data/product2/thumb/2038866161_McBymGra_d71e6f5a9350c33746de3b8ae521767bcc5de15b.png,크리미칠리,main,Barbeque Chicken Thigh Poke,바베큐닭다리살 포케볼,데일리볼,"{""메뉴"": ""바베큐닭다리살 포케볼"", ""열량(kcal)"": ""557.3"", ""탄수화물(g)"": ""72.5"", ""당류(g)"": ""8.2"", ""단백질(g)"": ""26.6"", ""지방(g)"": ""17.7"", ""포화지방(g)"": ""5.9"", ""나트륨(mg)"": ""586.2""}","{""메뉴"": ""바베큐닭다리살 포케볼"", ""열량(kcal)"": ""557.3"", ""탄수화물(g)"": ""72.5"", ""당류(g)"": ""8.2"", ""단백질(g)"": ""26.6"", ""지방(g)"": ""17.7"", ""포화지방(g)"": ""5.9"", ""나트륨(mg)"": ""586.2""}",,[],"로스트닭다리살, 에그, 옥수수, 양파, 양파플레이크, 후리가케, 적채, 바베큐소스",https://salady.com/menu2/view_1?menu2=1&idx=23&ca_id=03,"[{""name"": ""귀리"", ""image_url"": ""https://salady.com:443/superboard/data/topping2/2026042818175417773678749997.jpg""}, {""name"": ""찹쌀"", ""image_url"": ""https://salady.com:443/superboard/data/topping2/2026050710583317781191134048.jpg""}, {""name"": ""찰보리"", ""image_url"": ""https://salady.com:443/superboard/data/topping2/2026050710590317781191435575.jpg""}, {""name"": ""로메인"", ""image_url"": ""https://salady.com:443/superboard/data/topping2/2026042818184217773679224348.jpg""}, {""name"": ""카이피라"", ""image_url"": ""https://salady.com:443/superboard/data/topping2/2026050710553717781189373295.png""}, {""name"": ""프릴아이스"", ""image_url"": ""https://salady.com:443/superboard/data/topping2/2026050710561217781189724301.jpeg""}, {""name"": ""적채"", ""image_url"": ""https://salady.com:443/superboard/data/topping2/2026050710563417781189949345.png""}]"
[],"곡물, 채소",salady_sandwich,"{""name"": ""우삼겹 포케볼"", ""base_kcal"": 618.1, ""addon_kcal"": {""vegetable"": 3.0, ""grain"": 158.1, ""buckwheat"": 67.9, ""noodles"": 100.05}}",데일리볼,오리엔탈,,"{""name"": ""오리엔탈"", ""type"": ""included"", ""official"": ""오리엔탈""}",included,24,https://salady.com:443/superboard/data/product2/thumb/2038866161_lorFcdLp_4fdc97f6d1628ca0c4afbe6eee3cfae2c7576d29.png,오리엔탈,main,Beef Loin Poke,우삼겹 포케볼,데일리볼,"{""메뉴"": ""우삼겹 포케볼"", ""열량(kcal)"": ""618.1"", ""탄수화물(g)"": ""68.0"", ""당류(g)"": ""6.2"", ""단백질(g)"": ""21.2"", ""지방(g)"": ""29.8"", ""포화지방(g)"": ""8.6"", ""나트륨(mg)"": ""226.0""}","{""메뉴"": ""우삼겹 포케볼"", ""열량(kcal)"": ""618.1"", ""탄수화물(g)"": ""68.0"", ""당류(g)"": ""6.2"", ""단백질(g)"": ""21.2"", ""지방(g)"": ""29.8"", ""포화지방(g)"": ""8.6"", ""나트륨(mg)"": ""226.0""}",,[],"우삼겹, 양파, 견과류, 적채, 후리가케, 양파플레이크, 머쉬룸",https://salady.com/menu2/view_1?menu2=1&idx=24&ca_id=03,"[{""name"": ""귀리"", ""image_url"": ""https://salady.com:443/superboard/data/topping2/2026042818175417773678749997.jpg""}, {""name"": ""찹쌀"", ""image_url"": ""https://salady.com:443/superboard/data/topping2/2026050710583317781191134048.jpg""}, {""name"": ""찰보리"", ""image_url"": ""https://salady.com:443/superboard/data/topping2/2026050710590317781191435575.jpg""}, {""name"": ""로메인"", ""image_url"": ""https://salady.com:443/superboard/data/topping2/2026042818184217773679224348.jpg""}, {""name"": ""카이피라"", ""image_url"": ""https://salady.com:443/superboard/data/topping2/2026050710553717781189373295.png""}, {""name"": ""프릴아이스"", ""image_url"": ""https://salady.com:443/superboard/data/topping2/2026050710561217781189724301.jpeg""}, {""name"": ""적채"", ""image_url"": ""https://salady.com:443/superboard/data/topping2/2026050710563417781189949345.png""}]"
[],"곡물(1.5배), 채소",salady_sandwich,"{""name"": ""닭다리살 MAX 프로틴 박스"", ""base_kcal"": 758.7, ""addon_kcal"": {""vegetable"": 3.0, ""grain"": 158.1, ""buckwheat"": 67.9, ""noodles"": 100.05}}",프로틴박스,(저당) 랜치,,"{""name"": ""(저당) 랜치"", ""type"": ""recommended"", ""official"": ""(저당) 랜치""}",recommended,28,https://salady.com:443/superboard/data/product2/thumb/2038866161_uqP3a9fM_17deb8395d9b41ea49231cc7dc218986c9a1965b.png,,main,Chicken Thigh MAX Protein,닭다리살 MAX 프로틴 박스,프로틴박스,"{""메뉴"": ""닭다리살 MAX 프로틴 박스"", ""열량(kcal)"": ""758.7"", ""탄수화물(g)"": ""96.6"", ""당류(g)"": ""7.7"", ""단백질(g)"": ""43.2"", ""지방(g)"": ""22.3"", ""포화지방(g)"": ""7.4"", ""나트륨(mg)"": ""885.9""}","{""메뉴"": ""닭다리살 MAX 프로틴 박스"", ""열량(kcal)"": ""758.7"", ""탄수화물(g)"": ""96.6"", ""당류(g)"": ""7.7"", ""단백질(g)"": ""43.2"", ""지방(g)"": ""22.3"", ""포화지방(g)"": ""7.4"", ""나트륨(mg)"": ""885.9""}",(저당) 랜치,[],"로스트닭다리살x3, 당근라페, 양파, 옥수수",https://salady.com/menu2/view_1?menu2=1&idx=28&ca_id=04,"[{""name"": ""귀리"", ""image_url"": ""https://salady.com:443/superboard/data/topping2/2026042818175417773678749997.jpg""}, {""name"": ""찹쌀"", ""image_url"": ""https://salady.com:443/superboard/data/topping2/2026050710583317781191134048.jpg""}, {""name"": ""찰보리"", ""image_url"": ""https://salady.com:443/superboard/data/topping2/2026050710590317781191435575.jpg""}, {""name"": ""로메인"", ""image_url"": ""https://salady.com:443/superboard/data/topping2/2026042818184217773679224348.jpg""}, {""name"": ""카이피라"", ""image_url"": ""https://salady.com:443/superboard/data/topping2/2026050710553717781189373295.png""}, {""name"": ""프릴아이스"", ""image_url"": ""https://salady.com:443/superboard/data/topping2/2026050710561217781189724301.jpeg""}, {""name"": ""적채"", ""image_url"": ""https://salady.com:443/superboard/data/topping2/2026050710563417781189949345.png""}]"
[],"바질 파스타면(2배), 채소",salady_sandwich,"{""name"": ""치킨 MAX 프로틴 파스타"", ""base_kcal"": 707.9, ""addon_kcal"": {""vegetable"": 3.0, ""grain"": 158.1, ""buckwheat"": 67.9, ""noodles"": 100.05}}",프로틴박스,(저당) 레몬허브,,"{""name"": ""(저당) 레몬허브"", ""type"": ""recommended"", ""official"": ""(저당) 레몬허브""}",recommended,29,https://salady.com:443/superboard/data/product2/thumb/2038866161_Awag9iGy_0e3d29af9f063b8fcca002ff19d22e6c7706728f.png,,main,Chicken Breast MAX Protein Pasta,치킨 MAX 프로틴 파스타,프로틴박스,"{""메뉴"": ""치킨 MAX 프로틴 파스타"", ""열량(kcal)"": ""707.9"", ""탄수화물(g)"": ""66.2"", ""당류(g)"": ""6.1"", ""단백질(g)"": ""55.1"", ""지방(g)"": ""23.7"", ""포화지방(g)"": ""6.0"", ""나트륨(mg)"": ""697.0""}","{""메뉴"": ""치킨 MAX 프로틴 파스타"", ""열량(kcal)"": ""707.9"", ""탄수화물(g)"": ""66.2"", ""당류(g)"": ""6.1"", ""단백질(g)"": ""55.1"", ""지방(g)"": ""23.7"", ""포화지방(g)"": ""6.0"", ""나트륨(mg)"": ""697.0""}",(저당) 레몬허브,[],"시즈닝 닭가슴살x3, 칩베이컨, 당근라페, 양파, 옥수수",https://salady.com/menu2/view_1?menu2=1&idx=29&ca_id=04,"[{""name"": ""로메인"", ""image_url"": ""https://salady.com:443/superboard/data/topping2/2026042818184217773679224348.jpg""}, {""name"": ""카이피라"", ""image_url"": ""https://salady.com:443/superboard/data/topping2/2026050710553717781189373295.png""}, {""name"": ""프릴아이스"", ""image_url"": ""https://salady.com:443/superboard/data/topping2/2026050710561217781189724301.jpeg""}, {""name"": ""적채"", ""image_url"": ""https://salady.com:443/superboard/data/topping2/2026050710563417781189949345.png""}]"
[],"곡물(1.5배), 채소",salady_sandwich,"{""name"": ""우삼겹 MAX 프로틴 박스"", ""base_kcal"": 900.7, ""addon_kcal"": {""vegetable"": 3.0, ""grain"": 158.1, ""buckwheat"": 67.9, ""noodles"": 100.05}}",프로틴박스,(저당) 참깨소이,,"{""name"": ""(저당) 참깨소이"", ""type"": ""recommended"", ""official"": ""(저당) 참깨소이""}",recommended,30,https://salady.com:443/superboard/data/product2/thumb/2038866161_Sl38GutT_664e8c9dd9019a71ac84a3d5ee7567065ca36edb.png,,main,Beef Loin MAX Protein,우삼겹 MAX 프로틴 박스,프로틴박스,"{""메뉴"": ""우삼겹 MAX 프로틴 박스"", ""열량(kcal)"": ""900.7"", ""탄수화물(g)"": ""87.6"", ""당류(g)"": ""11.5"", ""단백질(g)"": ""39.4"", ""지방(g)"": ""43.7"", ""포화지방(g)"": ""16.3"", ""나트륨(mg)"": ""565.4""}","{""메뉴"": ""우삼겹 MAX 프로틴 박스"", ""열량(kcal)"": ""900.7"", ""탄수화물(g)"": ""87.6"", ""당류(g)"": ""11.5"", ""단백질(g)"": ""39.4"", ""지방(g)"": ""43.7"", ""포화지방(g)"": ""16.3"", ""나트륨(mg)"": ""565.4""}",(저당) 참깨소이,[],"우삼겹x3, 당근라페, 양파, 옥수수, 채소믹스, 곡물밥x1.5",https://salady.com/menu2/view_1?menu2=1&idx=30&ca_id=04,"[{""name"": ""귀리"", ""image_url"": ""https://salady.com:443/superboard/data/topping2/2026042818175417773678749997.jpg""}, {""name"": ""찹쌀"", ""image_url"": ""https://salady.com:443/superboard/data/topping2/2026050710583317781191134048.jpg""}, {""name"": ""찰보리"", ""image_url"": ""https://salady.com:443/superboard/data/topping2/2026050710590317781191435575.jpg""}, {""name"": ""로메인"", ""image_url"": ""https://salady.com:443/superboard/data/topping2/2026042818184217773679224348.jpg""}, {""name"": ""카이피라"", ""image_url"": ""https://salady.com:443/superboard/data/topping2/2026050710553717781189373295.png""}, {""name"": ""프릴아이스"", ""image_url"": ""https://salady.com:443/superboard/data/topping2/2026050710561217781189724301.jpeg""}, {""name"": ""적채"", ""image_url"": ""https://salady.com:443/superboard/data/topping2/2026050710563417781189949345.png""}]"
[],채소,salady_sandwich,"{""name"": ""바질크림 잠봉 랩"", ""base_kcal"": 462.9, ""addon_kcal"": {""vegetable"": 2.0, ""grain"": 0.0, ""buckwheat"": 67.9, ""noodles"": 100.05}}",랩,바질페스토,,"{""name"": ""바질페스토"", ""type"": ""included"", ""official"": ""바질페스토""}",included,49,https://salady.com:443/superboard/data/product2/thumb/2038866161_hdKrLFgA_a6cf93ff378d1dbb392e35fc7993d62f30a81528.png,바질페스토,main,Basil Cream Jambon,바질크림 잠봉 랩,랩,"{""메뉴"": ""바질크림 잠봉 랩"", ""열량(kcal)"": ""462.9"", ""탄수화물(g)"": ""41.8"", ""당류(g)"": ""10.9"", ""단백질(g)"": ""16.4"", ""지방(g)"": ""24.5"", ""포화지방(g)"": ""6.9"", ""나트륨(mg)"": ""1068.9""}","{""메뉴"": ""바질크림 잠봉 랩"", ""열량(kcal)"": ""462.9"", ""탄수화물(g)"": ""41.8"", ""당류(g)"": ""10.9"", ""단백질(g)"": ""16.4"", ""지방(g)"": ""24.5"", ""포화지방(g)"": ""6.9"", ""나트륨(mg)"": ""1068.9""}",,[],"잠봉, 당근라페, 양파, 적채, 화이트치즈",https://salady.com/menu2/view_1?menu2=1&idx=49&ca_id=05,"[{""name"": ""로메인"", ""image_url"": ""https://salady.com:443/superboard/data/topping2/2026042818184217773679224348.jpg""}, {""name"": ""프릴아이스"", ""image_url"": ""https://salady.com:443/superboard/data/topping2/2026050710561217781189724301.jpeg""}, {""name"": ""적채"", ""image_url"": ""https://salady.com:443/superboard/data/topping2/2026050710563417781189949345.png""}]"
[],*채소 미포함,salady_sandwich,"{""name"": ""에그마요 랩"", ""base_kcal"": 661.6, ""addon_kcal"": {""vegetable"": 0.0, ""grain"": 0.0, ""buckwheat"": 67.9, ""noodles"": 100.05}}",랩,크리미할라피뇨,,"{""name"": ""크리미할라피뇨"", ""type"": ""included"", ""official"": ""크리미할라피뇨""}",included,31,https://salady.com:443/superboard/data/product2/thumb/2038866161_eOaNyWcn_bfa26c1c4da3269215b69928abb9cdd0ef1d4dbf.png,크리미할라피뇨,main,Egg Mayo,에그마요 랩,랩,"{""메뉴"": ""에그마요 랩"", ""열량(kcal)"": ""661.6"", ""탄수화물(g)"": ""49.7"", ""당류(g)"": ""5.3"", ""단백질(g)"": ""19.4"", ""지방(g)"": ""42.8"", ""포화지방(g)"": ""9.8"", ""나트륨(mg)"": ""1054.3""}","{""메뉴"": ""에그마요 랩"", ""열량(kcal)"": ""661.6"", ""탄수화물(g)"": ""49.7"", ""당류(g)"": ""5.3"", ""단백질(g)"": ""19.4"", ""지방(g)"": ""42.8"", ""포화지방(g)"": ""9.8"", ""나트륨(mg)"": ""1054.3""}",,[],"에그마요, 옥수수, 칩베이컨, 나쵸칩",https://salady.com/menu2/view_1?menu2=1&idx=31&ca_id=05,[]
[],채소,salady_sandwich,"{""name"": ""시저치킨 랩"", ""base_kcal"": 500.9, ""addon_kcal"": {""vegetable"": 3.0, ""grain"": 0.0, ""buckwheat"": 67.9, ""noodles"": 100.05}}",랩,시저,,"{""name"": ""시저"", ""type"": ""included"", ""official"": ""시저""}",included,33,https://salady.com:443/superboard/data/product2/thumb/2038866161_hVBRLfop_2dbf7804f8b32493958f0357043454c72ef120fb.png,시저,main,Caesar Chicken,시저치킨 랩,랩,"{""메뉴"": ""시저치킨 랩"", ""열량(kcal)"": ""500.9"", ""탄수화물(g)"": ""46.2"", ""당류(g)"": ""12.4"", ""단백질(g)"": ""21.8"", ""지방(g)"": ""25.7"", ""포화지방(g)"": ""6.3"", ""나트륨(mg)"": ""877.4""}","{""메뉴"": ""시저치킨 랩"", ""열량(kcal)"": ""500.9"", ""탄수화물(g)"": ""46.2"", ""당류(g)"": ""12.4"", ""단백질(g)"": ""21.8"", ""지방(g)"": ""25.7"", ""포화지방(g)"": ""6.3"", ""나트륨(mg)"": ""877.4""}",,[],"시즈닝 닭가슴살, 크랜베리",https://salady.com/menu2/view_1?menu2=1&idx=33&ca_id=05,"[{""name"": ""로메인"", ""image_url"": ""https://salady.com:443/superboard/data/topping2/2026042818184217773679224348.jpg""}, {""name"": ""카이피라"", ""image_url"": ""https://salady.com:443/superboard/data/topping2/2026050710553717781189373295.png""}, {""name"": ""프릴아이스"", ""image_url"": ""https://salady.com:443/superboard/data/topping2/2026050710561217781189724301.jpeg""}, {""name"": ""적채"", ""image_url"": ""https://salady.com:443/superboard/data/topping2/2026050710563417781189949345.png""}]"
[],채소,salady_sandwich,"{""name"": ""로스트닭다리살 랩"", ""base_kcal"": 549.6, ""addon_kcal"": {""vegetable"": 3.0, ""grain"": 0.0, ""buckwheat"": 67.9, ""noodles"": 100.05}}",랩,크리미할라피뇨,,"{""name"": ""크리미할라피뇨"", ""type"": ""included"", ""official"": ""크리미할라피뇨""}",included,34,https://salady.com:443/superboard/data/product2/thumb/2038866161_m97NqFwn_84f60a43a156e067a7299b5a9f8025c62cd230e6.png,크리미할라피뇨,main,Roast Chicken Thigh,로스트닭다리살 랩,랩,"{""메뉴"": ""로스트닭다리살 랩"", ""열량(kcal)"": ""549.6"", ""탄수화물(g)"": ""46.3"", ""당류(g)"": ""10.3"", ""단백질(g)"": ""19.8"", ""지방(g)"": ""31.9"", ""포화지방(g)"": ""9.2"", ""나트륨(mg)"": ""1206.3""}","{""메뉴"": ""로스트닭다리살 랩"", ""열량(kcal)"": ""549.6"", ""탄수화물(g)"": ""46.3"", ""당류(g)"": ""10.3"", ""단백질(g)"": ""19.8"", ""지방(g)"": ""31.9"", ""포화지방(g)"": ""9.2"", ""나트륨(mg)"": ""1206.3""}",,[],"로스트닭다리살, 양파, 할라피뇨, 토마토, 사워크림",https://salady.com/menu2/view_1?menu2=1&idx=34&ca_id=05,"[{""name"": ""로메인"", ""image_url"": ""https://salady.com:443/superboard/data/topping2/2026042818184217773679224348.jpg""}, {""name"": ""카이피라"", ""image_url"": ""https://salady.com:443/superboard/data/topping2/2026050710553717781189373295.png""}, {""name"": ""프릴아이스"", ""image_url"": ""https://salady.com:443/superboard/data/topping2/2026050710561217781189724301.jpeg""}, {""name"": ""적채"", ""image_url"": ""https://salady.com:443/superboard/data/topping2/2026050710563417781189949345.png""}]"
[],채소,salady_sandwich,"{""name"": ""그라브락스 연어 랩"", ""base_kcal"": 475.4, ""addon_kcal"": {""vegetable"": 3.0, ""grain"": 0.0, ""buckwheat"": 67.9, ""noodles"": 100.05}}",랩,크리미할라피뇨,,"{""name"": ""크리미할라피뇨"", ""type"": ""included"", ""official"": ""크리미할라피뇨""}",included,35,https://salady.com:443/superboard/data/product2/thumb/2038866161_HU8OvtID_fe9ee8189480203b9eb0921bb5a421899c2dcbac.png,크리미할라피뇨,main,Gravlax Salmon,그라브락스 연어 랩,랩,"{""메뉴"": ""그라브락스 연어 랩"", ""열량(kcal)"": ""475.4"", ""탄수화물(g)"": ""40.0"", ""당류(g)"": ""8.9"", ""단백질(g)"": ""17.6"", ""지방(g)"": ""27.6"", ""포화지방(g)"": ""6.1"", ""나트륨(mg)"": ""1014.2""}","{""메뉴"": ""그라브락스 연어 랩"", ""열량(kcal)"": ""475.4"", ""탄수화물(g)"": ""40.0"", ""당류(g)"": ""8.9"", ""단백질(g)"": ""17.6"", ""지방(g)"": ""27.6"", ""포화지방(g)"": ""6.1"", ""나트륨(mg)"": ""1014.2""}",,[],"그라브락스 연어, 양파, 토마토",https://salady.com/menu2/view_1?menu2=1&idx=35&ca_id=05,"[{""name"": ""로메인"", ""image_url"": ""https://salady.com:443/superboard/data/topping2/2026042818184217773679224348.jpg""}, {""name"": ""카이피라"", ""image_url"": ""https://salady.com:443/superboard/data/topping2/2026050710553717781189373295.png""}, {""name"": ""프릴아이스"", ""image_url"": ""https://salady.com:443/superboard/data/topping2/2026050710561217781189724301.jpeg""}, {""name"": ""적채"", ""image_url"": ""https://salady.com:443/superboard/data/topping2/2026050710563417781189949345.png""}]"
[],"곡물, 채소",salady_sandwich,"{""name"": ""고소우삼겹 곡물랩"", ""base_kcal"": 704.7, ""addon_kcal"": {""vegetable"": 3.0, ""grain"": 158.1, ""buckwheat"": 67.9, ""noodles"": 100.05}}",랩,(저당) 들기름소이,,"{""name"": ""(저당) 들기름소이"", ""type"": ""included"", ""official"": ""(저당) 들기름소이""}",included,38,https://salady.com:443/superboard/data/product2/thumb/2038866161_YCQ0ra9o_1a6c08865dd9265e5ec5b20858ffd3d35a1dbe53.png,(저당) 들기름소이,main,Perilla Oil Beef Loin,고소우삼겹 곡물랩,랩,"{""메뉴"": ""고소우삼겹 곡물랩"", ""열량(kcal)"": ""704.7"", ""탄수화물(g)"": ""79.1"", ""당류(g)"": ""6.5"", ""단백질(g)"": ""24.0"", ""지방(g)"": ""32.5"", ""포화지방(g)"": ""9.3"", ""나트륨(mg)"": ""1089.8""}","{""메뉴"": ""고소우삼겹 곡물랩"", ""열량(kcal)"": ""704.7"", ""탄수화물(g)"": ""79.1"", ""당류(g)"": ""6.5"", ""단백질(g)"": ""24.0"", ""지방(g)"": ""32.5"", ""포화지방(g)"": ""9.3"", ""나트륨(mg)"": ""1089.8""}",,"[""LOW SUGAR""]","우삼겹, 양파, 견과류, 적채",https://salady.com/menu2/view_1?menu2=1&idx=38&ca_id=05,"[{""name"": ""귀리"", ""image_url"": ""https://salady.com:443/superboard/data/topping2/2026042818175417773678749997.jpg""}, {""name"": ""찹쌀"", ""image_url"": ""https://salady.com:443/superboard/data/topping2/2026050710583317781191134048.jpg""}, {""name"": ""찰보리"", ""image_url"": ""https://salady.com:443/superboard/data/topping2/2026050710590317781191435575.jpg""}, {""name"": ""로메인"", ""image_url"": ""https://salady.com:443/superboard/data/topping2/2026042818184217773679224348.jpg""}, {""name"": ""카이피라"", ""image_url"": ""https://salady.com:443/superboard/data/topping2/2026050710553717781189373295.png""}, {""name"": ""프릴아이스"", ""image_url"": ""https://salady.com:443/superboard/data/topping2/2026050710561217781189724301.jpeg""}, {""name"": ""적채"", ""image_url"": ""https://salady.com:443/superboard/data/topping2/2026050710563417781189949345.png""}]"
[],채소,salady_sandwich,"{""name"": ""채소볼"", ""base_kcal"": 10.5, ""addon_kcal"": {""vegetable"": 3.0, ""grain"": 158.1, ""buckwheat"": 67.9, ""noodles"": 100.05}}",나만의 샐러디,,,,,39,https://salady.com:443/superboard/data/product2/thumb/2038866161_9rn1Xewm_6aff9b531f8b43ae8bcb3d35b3dcfda3454ffd59.png,,main,Salady,채소볼,나만의 샐러디,"{""메뉴"": ""채소볼"", ""열량(kcal)"": ""10.5"", ""탄수화물(g)"": ""1.4"", ""당류(g)"": ""0.5"", ""단백질(g)"": ""0.9"", ""지방(g)"": ""0.2"", ""포화지방(g)"": ""0.0"", ""나트륨(mg)"": ""7.9""}","{""메뉴"": ""채소볼"", ""열량(kcal)"": ""10.5"", ""탄수화물(g)"": ""1.4"", ""당류(g)"": ""0.5"", ""단백질(g)"": ""0.9"", ""지방(g)"": ""0.2"", ""포화지방(g)"": ""0.0"", ""나트륨(mg)"": ""7.9""}",,"[""VEGAN""]",,https://salady.com/menu2/view_1?menu2=1&idx=39&ca_id=06,"[{""name"": ""로메인"", ""image_url"": ""https://salady.com:443/superboard/data/topping2/2026042818184217773679224348.jpg""}, {""name"": ""카이피라"", ""image_url"": ""https://salady.com:443/superboard/data/topping2/2026050710553717781189373295.png""}, {""name"": ""프릴아이스"", ""image_url"": ""https://salady.com:443/superboard/data/topping2/2026050710561217781189724301.jpeg""}, {""name"": ""적채"", ""image_url"": ""https://salady.com:443/superboard/data/topping2/2026050710563417781189949345.png""}]"
[],"곡물, 채소",salady_sandwich,"{""name"": ""포케볼"", ""base_kcal"": 271.1, ""addon_kcal"": {""vegetable"": 3.0, ""grain"": 158.1, ""buckwheat"": 67.9, ""noodles"": 100.05}}",나만의 샐러디,,,,,40,https://salady.com:443/superboard/data/product2/thumb/2038866161_y9WJ7bHL_a6aef20160029a0f8154bbc68a14853783dae14b.png,,main,Poke Bowl,포케볼,나만의 샐러디,"{""메뉴"": ""포케볼"", ""열량(kcal)"": ""271.1"", ""탄수화물(g)"": ""50.6"", ""당류(g)"": ""0.4"", ""단백질(g)"": ""7.9"", ""지방(g)"": ""4.2"", ""포화지방(g)"": ""0.7"", ""나트륨(mg)"": ""53.0""}","{""메뉴"": ""포케볼"", ""열량(kcal)"": ""271.1"", ""탄수화물(g)"": ""50.6"", ""당류(g)"": ""0.4"", ""단백질(g)"": ""7.9"", ""지방(g)"": ""4.2"", ""포화지방(g)"": ""0.7"", ""나트륨(mg)"": ""53.0""}",,[],후리가케,https://salady.com/menu2/view_1?menu2=1&idx=40&ca_id=06,"[{""name"": ""귀리"", ""image_url"": ""https://salady.com:443/superboard/data/topping2/2026042818175417773678749997.jpg""}, {""name"": ""찹쌀"", ""image_url"": ""https://salady.com:443/superboard/data/topping2/2026050710583317781191134048.jpg""}, {""name"": ""찰보리"", ""image_url"": ""https://salady.com:443/superboard/data/topping2/2026050710590317781191435575.jpg""}, {""name"": ""로메인"", ""image_url"": ""https://salady.com:443/superboard/data/topping2/2026042818184217773679224348.jpg""}, {""name"": ""카이피라"", ""image_url"": ""https://salady.com:443/superboard/data/topping2/2026050710553717781189373295.png""}, {""name"": ""프릴아이스"", ""image_url"": ""https://salady.com:443/superboard/data/topping2/2026050710561217781189724301.jpeg""}, {""name"": ""적채"", ""image_url"": ""https://salady.com:443/superboard/data/topping2/2026050710563417781189949345.png""}]"
[],"메밀면, 채소",salady_sandwich,"{""name"": ""메밀면볼"", ""base_kcal"": 144.2, ""addon_kcal"": {""vegetable"": 3.0, ""grain"": 158.1, ""buckwheat"": 67.9, ""noodles"": 100.05}}",나만의 샐러디,,,,,41,https://salady.com:443/superboard/data/product2/thumb/2038866161_acxoOCQI_d81f62f0e54774c6d9672828e47091570dfca256.png,,main,Buckwheat Noodle Bowl,메밀면볼,나만의 샐러디,"{""메뉴"": ""메밀면볼"", ""열량(kcal)"": ""144.2"", ""탄수화물(g)"": ""25.8"", ""당류(g)"": ""0.4"", ""단백질(g)"": ""5.8"", ""지방(g)"": ""1.9"", ""포화지방(g)"": ""0.3"", ""나트륨(mg)"": ""182.8""}","{""메뉴"": ""메밀면볼"", ""열량(kcal)"": ""144.2"", ""탄수화물(g)"": ""25.8"", ""당류(g)"": ""0.4"", ""단백질(g)"": ""5.8"", ""지방(g)"": ""1.9"", ""포화지방(g)"": ""0.3"", ""나트륨(mg)"": ""182.8""}",,[],,https://salady.com/menu2/view_1?menu2=1&idx=41&ca_id=06,"[{""name"": ""로메인"", ""image_url"": ""https://salady.com:443/superboard/data/topping2/2026042818184217773679224348.jpg""}, {""name"": ""카이피라"", ""image_url"": ""https://salady.com:443/superboard/data/topping2/2026050710553717781189373295.png""}, {""name"": ""프릴아이스"", ""image_url"": ""https://salady.com:443/superboard/data/topping2/2026050710561217781189724301.jpeg""}, {""name"": ""적채"", ""image_url"": ""https://salady.com:443/superboard/data/topping2/2026050710563417781189949345.png""}]"
[],"파스타면, 채소",salady_sandwich,"{""name"": ""파스타볼"", ""base_kcal"": 157.7, ""addon_kcal"": {""vegetable"": 3.0, ""grain"": 158.1, ""buckwheat"": 67.9, ""noodles"": 100.05}}",나만의 샐러디,,,,,42,https://salady.com:443/superboard/data/product2/thumb/2038866161_QX6CyHp8_f7124a20e78d91a41f577a38a6c029c945ccfa1b.png,,main,Pasta Bowl,파스타볼,나만의 샐러디,"{""메뉴"": ""파스타볼"", ""열량(kcal)"": ""157.7"", ""탄수화물(g)"": ""28.0"", ""당류(g)"": ""0.4"", ""단백질(g)"": ""5.2"", ""지방(g)"": ""2.8"", ""포화지방(g)"": ""0.3"", ""나트륨(mg)"": ""6.3""}","{""메뉴"": ""파스타볼"", ""열량(kcal)"": ""157.7"", ""탄수화물(g)"": ""28.0"", ""당류(g)"": ""0.4"", ""단백질(g)"": ""5.2"", ""지방(g)"": ""2.8"", ""포화지방(g)"": ""0.3"", ""나트륨(mg)"": ""6.3""}",,[],,https://salady.com/menu2/view_1?menu2=1&idx=42&ca_id=06,"[{""name"": ""로메인"", ""image_url"": ""https://salady.com:443/superboard/data/topping2/2026042818184217773679224348.jpg""}, {""name"": ""카이피라"", ""image_url"": ""https://salady.com:443/superboard/data/topping2/2026050710553717781189373295.png""}, {""name"": ""프릴아이스"", ""image_url"": ""https://salady.com:443/superboard/data/topping2/2026050710561217781189724301.jpeg""}, {""name"": ""적채"", ""image_url"": ""https://salady.com:443/superboard/data/topping2/2026050710563417781189949345.png""}]"
[],,salady,{},토핑&드레싱,,,,,salady_topping_고추장제육,https://salady.com:443/superboard/data/topping/thumb/2026081214414817865133086994.png,,topping,Gochujang Bulgogi,고추장제육,토핑&드레싱,"{""menu"": ""고추장제육"", ""calories_kcal"": 92.8, ""carbs_g"": 8.5, ""sugar_g"": 5.1, ""protein_g"": 10.5, ""fat_g"": 1.9, ""saturated_fat_g"": 0.7, ""sodium_mg"": 375.0}","{""menu"": ""고추장제육"", ""calories_kcal"": 92.8, ""carbs_g"": 8.5, ""sugar_g"": 5.1, ""protein_g"": 10.5, ""fat_g"": 1.9, ""saturated_fat_g"": 0.7, ""sodium_mg"": 375.0}",,[],,https://salady.com/menu/list_2?type=topping,[]
[],,salady,{},토핑&드레싱,,,,,salady_topping_닭가슴살,https://salady.com:443/superboard/data/topping/thumb/2022052515493716534613775756.jpg,,topping,Chicken Breast,닭가슴살,토핑&드레싱,"{""menu"": ""닭가슴살"", ""calories_kcal"": 60.8, ""carbs_g"": 1.1, ""sugar_g"": 0.3, ""protein_g"": 12.5, ""fat_g"": 0.7, ""saturated_fat_g"": 0.3, ""sodium_mg"": 88.3}","{""menu"": ""닭가슴살"", ""calories_kcal"": 60.8, ""carbs_g"": 1.1, ""sugar_g"": 0.3, ""protein_g"": 12.5, ""fat_g"": 0.7, ""saturated_fat_g"": 0.3, ""sodium_mg"": 88.3}",,[],,https://salady.com/menu/list_2?type=topping,[]
[],,salady,{},토핑&드레싱,,,,,salady_topping_에그,https://salady.com:443/superboard/data/topping/thumb/2022052515500116534614012133.jpg,,topping,Egg,에그,토핑&드레싱,"{""menu"": ""에그"", ""calories_kcal"": 72.5, ""carbs_g"": 0.7, ""sugar_g"": 0.1, ""protein_g"": 6.7, ""fat_g"": 4.3, ""saturated_fat_g"": 1.4, ""sodium_mg"": 64.0}","{""menu"": ""에그"", ""calories_kcal"": 72.5, ""carbs_g"": 0.7, ""sugar_g"": 0.1, ""protein_g"": 6.7, ""fat_g"": 4.3, ""saturated_fat_g"": 1.4, ""sodium_mg"": 64.0}",,[],,https://salady.com/menu/list_2?type=topping,[]
[],,salady,{},토핑&드레싱,,,,,salady_topping_그라브락스연어,https://salady.com:443/superboard/data/topping/thumb/2022052515502716534614278044.jpg,,topping,Gravlax Salmon,그라브락스 연어,토핑&드레싱,"{""menu"": ""그라브락스 연어"", ""calories_kcal"": 127.2, ""carbs_g"": 0.1, ""sugar_g"": 0.0, ""protein_g"": 14.1, ""fat_g"": 7.2, ""saturated_fat_g"": 1.2, ""sodium_mg"": 265.8}","{""menu"": ""그라브락스 연어"", ""calories_kcal"": 127.2, ""carbs_g"": 0.1, ""sugar_g"": 0.0, ""protein_g"": 14.1, ""fat_g"": 7.2, ""saturated_fat_g"": 1.2, ""sodium_mg"": 265.8}",,[],,https://salady.com/menu/list_2?type=topping,[]
[],,salady,{},토핑&드레싱,,,,,salady_topping_로스트닭다리살,https://salady.com:443/superboard/data/topping/thumb/2022090110190116619951419085.png,,topping,Roast Chicken Thigh,로스트닭다리살,토핑&드레싱,"{""menu"": ""로스트닭다리살"", ""calories_kcal"": 120.0, ""carbs_g"": 6.0, ""sugar_g"": 1.2, ""protein_g"": 9.0, ""fat_g"": 6.6, ""saturated_fat_g"": 3.6, ""sodium_mg"": 324.0}","{""menu"": ""로스트닭다리살"", ""calories_kcal"": 120.0, ""carbs_g"": 6.0, ""sugar_g"": 1.2, ""protein_g"": 9.0, ""fat_g"": 6.6, ""saturated_fat_g"": 3.6, ""sodium_mg"": 324.0}",,[],,https://salady.com/menu/list_2?type=topping,[]
[],,salady,{},토핑&드레싱,,,,,salady_topping_그라운드비프,https://salady.com:443/superboard/data/topping/thumb/2022052515511916534614796660.jpg,,topping,Ground Beef,그라운드비프,토핑&드레싱,"{""menu"": ""그라운드비프"", ""calories_kcal"": 108.0, ""carbs_g"": 0.0, ""sugar_g"": 0.0, ""protein_g"": 10.2, ""fat_g"": 7.2, ""saturated_fat_g"": 2.9, ""sodium_mg"": 38.4}","{""menu"": ""그라운드비프"", ""calories_kcal"": 108.0, ""carbs_g"": 0.0, ""sugar_g"": 0.0, ""protein_g"": 10.2, ""fat_g"": 7.2, ""saturated_fat_g"": 2.9, ""sodium_mg"": 38.4}",,[],,https://salady.com/menu/list_2?type=topping,[]
[],,salady,{},토핑&드레싱,,,,,salady_topping_우삼겹,https://salady.com:443/superboard/data/topping/thumb/2022052515513116534614919520.jpg,,topping,Beef Loin,우삼겹,토핑&드레싱,"{""menu"": ""우삼겹"", ""calories_kcal"": 161.1, ""carbs_g"": 3.0, ""sugar_g"": 2.5, ""protein_g"": 9.3, ""fat_g"": 12.4, ""saturated_fat_g"": 5.1, ""sodium_mg"": 165.0}","{""menu"": ""우삼겹"", ""calories_kcal"": 161.1, ""carbs_g"": 3.0, ""sugar_g"": 2.5, ""protein_g"": 9.3, ""fat_g"": 12.4, ""saturated_fat_g"": 5.1, ""sodium_mg"": 165.0}",,[],,https://salady.com/menu/list_2?type=topping,[]
[],,salady,{},토핑&드레싱,,,,,salady_topping_로스트삼겹,https://salady.com:443/superboard/data/topping/thumb/2025021118515717392675177010.png,,topping,Roast Pork Belly,로스트삼겹,토핑&드레싱,"{""menu"": ""로스트삼겹"", ""calories_kcal"": 187.4, ""carbs_g"": 3.2, ""sugar_g"": 0.4, ""protein_g"": 9.0, ""fat_g"": 15.4, ""saturated_fat_g"": 4.8, ""sodium_mg"": 116.2}","{""menu"": ""로스트삼겹"", ""calories_kcal"": 187.4, ""carbs_g"": 3.2, ""sugar_g"": 0.4, ""protein_g"": 9.0, ""fat_g"": 15.4, ""saturated_fat_g"": 4.8, ""sodium_mg"": 116.2}",,[],,https://salady.com/menu/list_2?type=topping,[]
[],,salady,{},토핑&드레싱,,,,,salady_topping_칩베이컨,https://salady.com:443/superboard/data/topping/thumb/2022052515514016534615009312.jpg,,topping,Chip Bacon,칩베이컨,토핑&드레싱,"{""menu"": ""칩베이컨"", ""calories_kcal"": 66.3, ""carbs_g"": 0.7, ""sugar_g"": 0.4, ""protein_g"": 3.0, ""fat_g"": 5.7, ""saturated_fat_g"": 2.1, ""sodium_mg"": 105.6}","{""menu"": ""칩베이컨"", ""calories_kcal"": 66.3, ""carbs_g"": 0.7, ""sugar_g"": 0.4, ""protein_g"": 3.0, ""fat_g"": 5.7, ""saturated_fat_g"": 2.1, ""sodium_mg"": 105.6}",,[],,https://salady.com/menu/list_2?type=topping,[]
[],,salady,{},토핑&드레싱,,,,,salady_topping_두부,https://salady.com:443/superboard/data/topping/thumb/2022052515515116534615115429.jpg,,topping,Tofu,두부,토핑&드레싱,"{""menu"": ""두부"", ""calories_kcal"": 100.0, ""carbs_g"": 8.0, ""sugar_g"": 1.2, ""protein_g"": 4.2, ""fat_g"": 5.7, ""saturated_fat_g"": 0.7, ""sodium_mg"": 12.8}","{""menu"": ""두부"", ""calories_kcal"": 100.0, ""carbs_g"": 8.0, ""sugar_g"": 1.2, ""protein_g"": 4.2, ""fat_g"": 5.7, ""saturated_fat_g"": 0.7, ""sodium_mg"": 12.8}",,"[""VEGAN""]",,https://salady.com/menu/list_2?type=topping,[]
[],,salady,{},토핑&드레싱,,,,,salady_topping_잠봉슬라이스,https://salady.com:443/superboard/data/topping/thumb/2026021110380817707738886825.png,,topping,Jambon Slices,잠봉 슬라이스,토핑&드레싱,"{""menu"": ""잠봉 슬라이스"", ""calories_kcal"": 44.0, ""carbs_g"": 0.8, ""sugar_g"": 0.4, ""protein_g"": 6.0, ""fat_g"": 1.8, ""saturated_fat_g"": 0.5, ""sodium_mg"": 320.0}","{""menu"": ""잠봉 슬라이스"", ""calories_kcal"": 44.0, ""carbs_g"": 0.8, ""sugar_g"": 0.4, ""protein_g"": 6.0, ""fat_g"": 1.8, ""saturated_fat_g"": 0.5, ""sodium_mg"": 320.0}",,[],,https://salady.com/menu/list_2?type=topping,[]
[],,salady,{},토핑&드레싱,,,,,salady_topping_케이준쉬림프,https://salady.com:443/superboard/data/topping/thumb/2026021110391117707739511150.png,,topping,Cajun Shrimp,케이준 쉬림프,토핑&드레싱,"{""menu"": ""케이준 쉬림프"", ""calories_kcal"": 36.9, ""carbs_g"": 0.1, ""sugar_g"": 0.1, ""protein_g"": 8.3, ""fat_g"": 0.6, ""saturated_fat_g"": 0.0, ""sodium_mg"": 332.5}","{""menu"": ""케이준 쉬림프"", ""calories_kcal"": 36.9, ""carbs_g"": 0.1, ""sugar_g"": 0.1, ""protein_g"": 8.3, ""fat_g"": 0.6, ""saturated_fat_g"": 0.0, ""sodium_mg"": 332.5}",,[],,https://salady.com/menu/list_2?type=topping,[]
[],,salady,{},토핑&드레싱,,,,,salady_topping_스크램블에그,https://salady.com:443/superboard/data/topping/thumb/2026021110533017707748104608.png,,topping,Scrambled Eggs,스크램블 에그,토핑&드레싱,"{""menu"": ""스크램블 에그"", ""calories_kcal"": 115.0, ""carbs_g"": 5.5, ""sugar_g"": 1.0, ""protein_g"": 4.0, ""fat_g"": 8.5, ""saturated_fat_g"": 1.4, ""sodium_mg"": 260.0}","{""menu"": ""스크램블 에그"", ""calories_kcal"": 115.0, ""carbs_g"": 5.5, ""sugar_g"": 1.0, ""protein_g"": 4.0, ""fat_g"": 8.5, ""saturated_fat_g"": 1.4, ""sodium_mg"": 260.0}",,[],,https://salady.com/menu/list_2?type=topping,[]
[],,salady,{},토핑&드레싱,,,,,salady_topping_엑스트라버진올리브오일,https://salady.com:443/superboard/data/topping/thumb/2026081214430717865133873833.png,,topping,Extra Virgin Olive Oil,엑스트라버진 올리브오일,토핑&드레싱,"{""menu"": ""엑스트라버진 올리브오일"", ""calories_kcal"": 90.0, ""carbs_g"": 0.0, ""sugar_g"": 0.0, ""protein_g"": 0.0, ""fat_g"": 10.0, ""saturated_fat_g"": 1.5, ""sodium_mg"": 0.0}","{""menu"": ""엑스트라버진 올리브오일"", ""calories_kcal"": 90.0, ""carbs_g"": 0.0, ""sugar_g"": 0.0, ""protein_g"": 0.0, ""fat_g"": 10.0, ""saturated_fat_g"": 1.5, ""sodium_mg"": 0.0}",,"[""VEGAN""]",,https://salady.com/menu/list_2?type=topping,[]
[],,salady,{},토핑&드레싱,,,,,salady_topping_에그마요,https://salady.com:443/superboard/data/topping/thumb/2024020615221217072005321480.jpg,,topping,Egg Mayo,에그마요,토핑&드레싱,"{""menu"": ""에그마요"", ""calories_kcal"": 110.3, ""carbs_g"": 2.3, ""sugar_g"": 0.0, ""protein_g"": 4.1, ""fat_g"": 9.5, ""saturated_fat_g"": 1.9, ""sodium_mg"": 126.0}","{""menu"": ""에그마요"", ""calories_kcal"": 110.3, ""carbs_g"": 2.3, ""sugar_g"": 0.0, ""protein_g"": 4.1, ""fat_g"": 9.5, ""saturated_fat_g"": 1.9, ""sodium_mg"": 126.0}",,[],,https://salady.com/menu/list_2?type=topping,[]
[],,salady,{},토핑&드레싱,,,,,salady_topping_스윗포테이토,https://salady.com:443/superboard/data/topping/thumb/2022052515503616534614365101.jpg,,topping,Sweet Potato,스윗포테이토,토핑&드레싱,"{""menu"": ""스윗포테이토"", ""calories_kcal"": 126.0, ""carbs_g"": 17.5, ""sugar_g"": 9.1, ""protein_g"": 1.4, ""fat_g"": 5.6, ""saturated_fat_g"": 1.0, ""sodium_mg"": 98.0}","{""menu"": ""스윗포테이토"", ""calories_kcal"": 126.0, ""carbs_g"": 17.5, ""sugar_g"": 9.1, ""protein_g"": 1.4, ""fat_g"": 5.6, ""saturated_fat_g"": 1.0, ""sodium_mg"": 98.0}",,[],,https://salady.com/menu/list_2?type=topping,[]
[],,salady,{},토핑&드레싱,,,,,salady_topping_사워크림,https://salady.com:443/superboard/data/topping/thumb/2022052515541016534616503988.jpg,,topping,Sour Cream,사워크림,토핑&드레싱,"{""menu"": ""사워크림"", ""calories_kcal"": 23.2, ""carbs_g"": 0.5, ""sugar_g"": 0.3, ""protein_g"": 0.3, ""fat_g"": 2.2, ""saturated_fat_g"": 0.0, ""sodium_mg"": 4.0}","{""menu"": ""사워크림"", ""calories_kcal"": 23.2, ""carbs_g"": 0.5, ""sugar_g"": 0.3, ""protein_g"": 0.3, ""fat_g"": 2.2, ""saturated_fat_g"": 0.0, ""sodium_mg"": 4.0}",,[],,https://salady.com/menu/list_2?type=topping,[]
[],,salady,{},토핑&드레싱,,,,,salady_topping_단호박,https://salady.com:443/superboard/data/topping/thumb/2023092009134716951688277241.jpg,,topping,Sweet Pumpkin,단호박,토핑&드레싱,"{""menu"": ""단호박"", ""calories_kcal"": 58.6, ""carbs_g"": 12.5, ""sugar_g"": 7.0, ""protein_g"": 0.7, ""fat_g"": 0.4, ""saturated_fat_g"": 0.1, ""sodium_mg"": 0.1}","{""menu"": ""단호박"", ""calories_kcal"": 58.6, ""carbs_g"": 12.5, ""sugar_g"": 7.0, ""protein_g"": 0.7, ""fat_g"": 0.4, ""saturated_fat_g"": 0.1, ""sodium_mg"": 0.1}",,"[""VEGAN""]",,https://salady.com/menu/list_2?type=topping,[]
[],,salady,{},토핑&드레싱,,,,,salady_topping_바질페스토,https://salady.com:443/superboard/data/topping/thumb/2023020816222416758409449085.jpg,,topping,Basil Pesto,바질페스토,토핑&드레싱,"{""menu"": ""바질페스토"", ""calories_kcal"": 119.0, ""carbs_g"": 0.5, ""sugar_g"": 1.8, ""protein_g"": 2.8, ""fat_g"": 10.7, ""saturated_fat_g"": 2.0, ""sodium_mg"": 171.0}","{""menu"": ""바질페스토"", ""calories_kcal"": 119.0, ""carbs_g"": 0.5, ""sugar_g"": 1.8, ""protein_g"": 2.8, ""fat_g"": 10.7, ""saturated_fat_g"": 2.0, ""sodium_mg"": 171.0}",,[],,https://salady.com/menu/list_2?type=topping,[]
[],,salady,{},토핑&드레싱,,,,,salady_topping_바베큐소스,https://salady.com:443/superboard/data/topping/thumb/2025021215541517393432556715.png,,topping,Barbeque Sauce,바베큐소스,토핑&드레싱,"{""menu"": ""바베큐소스"", ""calories_kcal"": 24.6, ""carbs_g"": 5.5, ""sugar_g"": 2.8, ""protein_g"": 0.3, ""fat_g"": 0.2, ""saturated_fat_g"": 0.0, ""sodium_mg"": 151.2}","{""menu"": ""바베큐소스"", ""calories_kcal"": 24.6, ""carbs_g"": 5.5, ""sugar_g"": 2.8, ""protein_g"": 0.3, ""fat_g"": 0.2, ""saturated_fat_g"": 0.0, ""sodium_mg"": 151.2}",,[],,https://salady.com/menu/list_2?type=topping,[]
[],,salady,{},토핑&드레싱,,,,,salady_topping_화이트치즈소스,https://salady.com:443/superboard/data/topping/thumb/2025021118532917392676097494.png,,topping,White Cheese Sauce,화이트치즈소스,토핑&드레싱,"{""menu"": ""화이트치즈소스"", ""calories_kcal"": 54.0, ""carbs_g"": 3.5, ""sugar_g"": 2.7, ""protein_g"": 0.3, ""fat_g"": 4.4, ""saturated_fat_g"": 1.2, ""sodium_mg"": 73.5}","{""menu"": ""화이트치즈소스"", ""calories_kcal"": 54.0, ""carbs_g"": 3.5, ""sugar_g"": 2.7, ""protein_g"": 0.3, ""fat_g"": 4.4, ""saturated_fat_g"": 1.2, ""sodium_mg"": 73.5}",,[],,https://salady.com/menu/list_2?type=topping,[]
[],,salady,{},토핑&드레싱,,,,,salady_topping_옥수수,https://salady.com:443/superboard/data/topping/thumb/2022052515523916534615595434.jpg,,topping,Corn,옥수수,토핑&드레싱,"{""menu"": ""옥수수"", ""calories_kcal"": 19.5, ""carbs_g"": 3.6, ""sugar_g"": 2.1, ""protein_g"": 0.6, ""fat_g"": 0.3, ""saturated_fat_g"": 0.0, ""sodium_mg"": 78.0}","{""menu"": ""옥수수"", ""calories_kcal"": 19.5, ""carbs_g"": 3.6, ""sugar_g"": 2.1, ""protein_g"": 0.6, ""fat_g"": 0.3, ""saturated_fat_g"": 0.0, ""sodium_mg"": 78.0}",,"[""VEGAN""]",,https://salady.com/menu/list_2?type=topping,[]
[],,salady,{},토핑&드레싱,,,,,salady_topping_양파,https://salady.com:443/superboard/data/topping/thumb/2022052515524716534615677202.jpg,,topping,Onion,양파,토핑&드레싱,"{""menu"": ""양파"", ""calories_kcal"": 8.7, ""carbs_g"": 2.0, ""sugar_g"": 1.7, ""protein_g"": 0.3, ""fat_g"": 0.0, ""saturated_fat_g"": 0.0, ""sodium_mg"": 0.9}","{""menu"": ""양파"", ""calories_kcal"": 8.7, ""carbs_g"": 2.0, ""sugar_g"": 1.7, ""protein_g"": 0.3, ""fat_g"": 0.0, ""saturated_fat_g"": 0.0, ""sodium_mg"": 0.9}",,"[""VEGAN""]",,https://salady.com/menu/list_2?type=topping,[]
[],,salady,{},토핑&드레싱,,,,,salady_topping_머쉬룸,https://salady.com:443/superboard/data/topping/thumb/2022052515510616534614667590.jpg,,topping,Mushroom,머쉬룸,토핑&드레싱,"{""menu"": ""머쉬룸"", ""calories_kcal"": 59.1, ""carbs_g"": 3.3, ""sugar_g"": 0.4, ""protein_g"": 1.5, ""fat_g"": 5.6, ""saturated_fat_g"": 0.9, ""sodium_mg"": 1.1}","{""menu"": ""머쉬룸"", ""calories_kcal"": 59.1, ""carbs_g"": 3.3, ""sugar_g"": 0.4, ""protein_g"": 1.5, ""fat_g"": 5.6, ""saturated_fat_g"": 0.9, ""sodium_mg"": 1.1}",,"[""VEGAN""]",,https://salady.com/menu/list_2?type=topping,[]
[],,salady,{},토핑&드레싱,,,,,salady_topping_토마토,https://salady.com:443/superboard/data/topping/thumb/2022052515530316534615832160.jpg,,topping,Tomato,토마토,토핑&드레싱,"{""menu"": ""토마토"", ""calories_kcal"": 7.6, ""carbs_g"": 1.7, ""sugar_g"": 0.9, ""protein_g"": 0.4, ""fat_g"": 0.1, ""saturated_fat_g"": 0.0, ""sodium_mg"": 0.8}","{""menu"": ""토마토"", ""calories_kcal"": 7.6, ""carbs_g"": 1.7, ""sugar_g"": 0.9, ""protein_g"": 0.4, ""fat_g"": 0.1, ""saturated_fat_g"": 0.0, ""sodium_mg"": 0.8}",,"[""VEGAN""]",,https://salady.com/menu/list_2?type=topping,[]
[],,salady,{},토핑&드레싱,,,,,salady_topping_올리브,https://salady.com:443/superboard/data/topping/thumb/2022052515534016534616207441.jpg,,topping,Olive,올리브,토핑&드레싱,"{""menu"": ""올리브"", ""calories_kcal"": 31.5, ""carbs_g"": 1.8, ""sugar_g"": 0.0, ""protein_g"": 0.3, ""fat_g"": 2.9, ""saturated_fat_g"": 0.4, ""sodium_mg"": 264.0}","{""menu"": ""올리브"", ""calories_kcal"": 31.5, ""carbs_g"": 1.8, ""sugar_g"": 0.0, ""protein_g"": 0.3, ""fat_g"": 2.9, ""saturated_fat_g"": 0.4, ""sodium_mg"": 264.0}",,"[""VEGAN""]",,https://salady.com/menu/list_2?type=topping,[]
[],,salady,{},토핑&드레싱,,,,,salady_topping_할라피뇨,https://salady.com:443/superboard/data/topping/thumb/2022052515541816534616583803.jpg,,topping,Jalapeno,할라피뇨,토핑&드레싱,"{""menu"": ""할라피뇨"", ""calories_kcal"": 6.7, ""carbs_g"": 1.3, ""sugar_g"": 0.0, ""protein_g"": 0.0, ""fat_g"": 0.0, ""saturated_fat_g"": 0.0, ""sodium_mg"": 293.2}","{""menu"": ""할라피뇨"", ""calories_kcal"": 6.7, ""carbs_g"": 1.3, ""sugar_g"": 0.0, ""protein_g"": 0.0, ""fat_g"": 0.0, ""saturated_fat_g"": 0.0, ""sodium_mg"": 293.2}",,"[""VEGAN""]",,https://salady.com/menu/list_2?type=topping,[]
[],,salady,{},토핑&드레싱,,,,,salady_topping_당근라페,https://salady.com:443/superboard/data/topping/thumb/2023020816212616758408869580.jpg,,topping,Carrot Rapees,당근라페,토핑&드레싱,"{""menu"": ""당근라페"", ""calories_kcal"": 25.6, ""carbs_g"": 2.6, ""sugar_g"": 1.3, ""protein_g"": 0.2, ""fat_g"": 1.8, ""saturated_fat_g"": 0.0, ""sodium_mg"": 12.8}","{""menu"": ""당근라페"", ""calories_kcal"": 25.6, ""carbs_g"": 2.6, ""sugar_g"": 1.3, ""protein_g"": 0.2, ""fat_g"": 1.8, ""saturated_fat_g"": 0.0, ""sodium_mg"": 12.8}",,"[""VEGAN""]",,https://salady.com/menu/list_2?type=topping,[]
[],,salady,{},토핑&드레싱,,,,,salady_topping_적채,https://salady.com:443/superboard/data/topping/thumb/2025021118545617392676968239.png,,topping,Red Cabbage,적채,토핑&드레싱,"{""menu"": ""적채"", ""calories_kcal"": 6.2, ""carbs_g"": 1.4, ""sugar_g"": 0.7, ""protein_g"": 0.3, ""fat_g"": 0.0, ""saturated_fat_g"": 0.0, ""sodium_mg"": 1.1}","{""menu"": ""적채"", ""calories_kcal"": 6.2, ""carbs_g"": 1.4, ""sugar_g"": 0.7, ""protein_g"": 0.3, ""fat_g"": 0.0, ""saturated_fat_g"": 0.0, ""sodium_mg"": 1.1}",,"[""VEGAN""]",,https://salady.com/menu/list_2?type=topping,[]
[],,salady,{},토핑&드레싱,,,,,salady_topping_양파플레이크,https://salady.com:443/superboard/data/topping/thumb/2022052515525416534615745914.jpg,,topping,Onion Flake,양파플레이크,토핑&드레싱,"{""menu"": ""양파플레이크"", ""calories_kcal"": 55.1, ""carbs_g"": 5.5, ""sugar_g"": 1.1, ""protein_g"": 0.4, ""fat_g"": 3.5, ""saturated_fat_g"": 1.7, ""sodium_mg"": 5.0}","{""menu"": ""양파플레이크"", ""calories_kcal"": 55.1, ""carbs_g"": 5.5, ""sugar_g"": 1.1, ""protein_g"": 0.4, ""fat_g"": 3.5, ""saturated_fat_g"": 1.7, ""sodium_mg"": 5.0}",,[],,https://salady.com/menu/list_2?type=topping,[]
[],,salady,{},토핑&드레싱,,,,,salady_topping_크랜베리,https://salady.com:443/superboard/data/topping/thumb/2022052515494516534613859737.jpg,,topping,Cranberry,크랜베리,토핑&드레싱,"{""menu"": ""크랜베리"", ""calories_kcal"": 31.4, ""carbs_g"": 8.6, ""sugar_g"": 7.4, ""protein_g"": 0.0, ""fat_g"": 0.1, ""saturated_fat_g"": 0.0, ""sodium_mg"": 0.2}","{""menu"": ""크랜베리"", ""calories_kcal"": 31.4, ""carbs_g"": 8.6, ""sugar_g"": 7.4, ""protein_g"": 0.0, ""fat_g"": 0.1, ""saturated_fat_g"": 0.0, ""sodium_mg"": 0.2}",,"[""VEGAN""]",,https://salady.com/menu/list_2?type=topping,[]
[],,salady,{},토핑&드레싱,,,,,salady_topping_나쵸칩,https://salady.com:443/superboard/data/topping/thumb/2022052515531416534615947369.jpg,,topping,Nacho Chip,나쵸칩,토핑&드레싱,"{""menu"": ""나쵸칩"", ""calories_kcal"": 73.4, ""carbs_g"": 10.2, ""sugar_g"": 0.0, ""protein_g"": 1.1, ""fat_g"": 3.2, ""saturated_fat_g"": 0.5, ""sodium_mg"": 30.0}","{""menu"": ""나쵸칩"", ""calories_kcal"": 73.4, ""carbs_g"": 10.2, ""sugar_g"": 0.0, ""protein_g"": 1.1, ""fat_g"": 3.2, ""saturated_fat_g"": 0.5, ""sodium_mg"": 30.0}",,[],,https://salady.com/menu/list_2?type=topping,[]
[],,salady,{},토핑&드레싱,,,,,salady_topping_견과류,https://salady.com:443/superboard/data/topping/thumb/2022052515534816534616285790.jpg,,topping,Nuts,견과류,토핑&드레싱,"{""menu"": ""견과류"", ""calories_kcal"": 89.1, ""carbs_g"": 3.3, ""sugar_g"": 0.5, ""protein_g"": 3.1, ""fat_g"": 7.7, ""saturated_fat_g"": 0.7, ""sodium_mg"": 0.5}","{""menu"": ""견과류"", ""calories_kcal"": 89.1, ""carbs_g"": 3.3, ""sugar_g"": 0.5, ""protein_g"": 3.1, ""fat_g"": 7.7, ""saturated_fat_g"": 0.7, ""sodium_mg"": 0.5}",,"[""VEGAN""]",,https://salady.com/menu/list_2?type=topping,[]
[],,salady,{},토핑&드레싱,,,,,salady_topping_후리가케,https://salady.com:443/superboard/data/topping/thumb/2025021118504917392674495649.png,,topping,Furigake,후리가케,토핑&드레싱,"{""menu"": ""후리가케"", ""calories_kcal"": 12.5, ""carbs_g"": 1.6, ""sugar_g"": 0.1, ""protein_g"": 0.5, ""fat_g"": 0.5, ""saturated_fat_g"": 0.1, ""sodium_mg"": 69.0}","{""menu"": ""후리가케"", ""calories_kcal"": 12.5, ""carbs_g"": 1.6, ""sugar_g"": 0.1, ""protein_g"": 0.5, ""fat_g"": 0.5, ""saturated_fat_g"": 0.1, ""sodium_mg"": 69.0}",,[],,https://salady.com/menu/list_2?type=topping,[]
[],,salady,{},토핑&드레싱,,,,,salady_topping_슈레드치즈,https://salady.com:443/superboard/data/topping/thumb/2025081816595217555039929895.jpg,,topping,Shred Cheese,슈레드치즈,토핑&드레싱,"{""menu"": ""슈레드치즈"", ""calories_kcal"": 65.0, ""carbs_g"": 0.0, ""sugar_g"": 0.0, ""protein_g"": 5.0, ""fat_g"": 4.3, ""saturated_fat_g"": 3.0, ""sodium_mg"": 85.0}","{""menu"": ""슈레드치즈"", ""calories_kcal"": 65.0, ""carbs_g"": 0.0, ""sugar_g"": 0.0, ""protein_g"": 5.0, ""fat_g"": 4.3, ""saturated_fat_g"": 3.0, ""sodium_mg"": 85.0}",,[],,https://salady.com/menu/list_2?type=topping,[]
[],,salady,{},토핑&드레싱,,,,,salady_topping_김자반,https://salady.com:443/superboard/data/topping/thumb/2026021110555317707749535481.png,,topping,Seaweed Flakes,김자반,토핑&드레싱,"{""menu"": ""김자반"", ""calories_kcal"": 17.3, ""carbs_g"": 1.1, ""sugar_g"": 0.4, ""protein_g"": 0.6, ""fat_g"": 1.2, ""saturated_fat_g"": 0.1, ""sodium_mg"": 33.0}","{""menu"": ""김자반"", ""calories_kcal"": 17.3, ""carbs_g"": 1.1, ""sugar_g"": 0.4, ""protein_g"": 0.6, ""fat_g"": 1.2, ""saturated_fat_g"": 0.1, ""sodium_mg"": 33.0}",,[],,https://salady.com/menu/list_2?type=topping,[]
[],,salady,{},음료&사이드,,,,,salady_side_아메리카노,https://salady.com:443/superboard/data/topping/thumb/2022052515454216534611425315.jpg,,side,Americano,아메리카노,음료&사이드,"{""menu"": ""아메리카노"", ""calories_kcal"": 22.5, ""carbs_g"": 2.43, ""sugar_g"": 0.0, ""protein_g"": 1.83, ""fat_g"": 0.49, ""saturated_fat_g"": 0.0, ""sodium_mg"": 24.34}","{""menu"": ""아메리카노"", ""calories_kcal"": 22.5, ""carbs_g"": 2.43, ""sugar_g"": 0.0, ""protein_g"": 1.83, ""fat_g"": 0.49, ""saturated_fat_g"": 0.0, ""sodium_mg"": 24.34}",,[],,https://salady.com/menu/list_3?type=side,[]
[],,salady,{},음료&사이드,,,,,salady_side_코크제로,https://salady.com:443/superboard/data/topping/thumb/2022052515362016534605806800.jpg,,side,Coke Zero,코크제로,음료&사이드,"{""menu"": ""코크제로"", ""calories_kcal"": 0.0, ""carbs_g"": 0.0, ""sugar_g"": 0.0, ""protein_g"": 0.0, ""fat_g"": 0.0, ""saturated_fat_g"": 0.0, ""sodium_mg"": 21.3}","{""menu"": ""코크제로"", ""calories_kcal"": 0.0, ""carbs_g"": 0.0, ""sugar_g"": 0.0, ""protein_g"": 0.0, ""fat_g"": 0.0, ""saturated_fat_g"": 0.0, ""sodium_mg"": 21.3}",,[],,https://salady.com/menu/list_3?type=side,[]
[],,salady,{},음료&사이드,,,,,salady_side_스프라이트제로,https://salady.com:443/superboard/data/topping/thumb/2022052515364916534606098326.jpg,,side,Sprite Zero,스프라이트제로,음료&사이드,"{""menu"": ""스프라이트제로"", ""calories_kcal"": 0.0, ""carbs_g"": 0.7, ""sugar_g"": 0.0, ""protein_g"": 0.0, ""fat_g"": 0.0, ""saturated_fat_g"": 0.0, ""sodium_mg"": 11.0}","{""menu"": ""스프라이트제로"", ""calories_kcal"": 0.0, ""carbs_g"": 0.7, ""sugar_g"": 0.0, ""protein_g"": 0.0, ""fat_g"": 0.0, ""saturated_fat_g"": 0.0, ""sodium_mg"": 11.0}",,[],,https://salady.com/menu/list_3?type=side,[]
[],,salady,{},음료&사이드,,,,,salady_side_착즙주스(그린밀싹),https://salady.com:443/superboard/data/topping/thumb/2022052515372716534606472747.jpg,,side,Cold Pressed Juice (Green Wheat Grass),착즙주스 (그린밀싹),음료&사이드,"{""menu"": ""착즙주스 (그린밀싹)"", ""calories_kcal"": 120.0, ""carbs_g"": 28.0, ""sugar_g"": 22.0, ""protein_g"": 1.0, ""fat_g"": 0.0, ""saturated_fat_g"": 0.0, ""sodium_mg"": 39.0}","{""menu"": ""착즙주스 (그린밀싹)"", ""calories_kcal"": 120.0, ""carbs_g"": 28.0, ""sugar_g"": 22.0, ""protein_g"": 1.0, ""fat_g"": 0.0, ""saturated_fat_g"": 0.0, ""sodium_mg"": 39.0}",,[],,https://salady.com/menu/list_3?type=side,[]
[],,salady,{},음료&사이드,,,,,salady_side_착즙주스(레드클렌즈),https://salady.com:443/superboard/data/topping/thumb/2023080209050816909347081306.jpg,,side,Cold Pressed Juice (Red Cleanse),착즙주스 (레드클렌즈),음료&사이드,"{""menu"": ""착즙주스 (레드클렌즈)"", ""calories_kcal"": 128.0, ""carbs_g"": 30.0, ""sugar_g"": 23.0, ""protein_g"": 1.0, ""fat_g"": 0.0, ""saturated_fat_g"": 0.0, ""sodium_mg"": 29.0}","{""menu"": ""착즙주스 (레드클렌즈)"", ""calories_kcal"": 128.0, ""carbs_g"": 30.0, ""sugar_g"": 23.0, ""protein_g"": 1.0, ""fat_g"": 0.0, ""saturated_fat_g"": 0.0, ""sodium_mg"": 29.0}",,[],,https://salady.com/menu/list_3?type=side,[]
[],,salady,{},음료&사이드,,,,,salady_side_착즙주스(오렌지당근),https://salady.com:443/superboard/data/topping/thumb/2022052515393716534607770683.jpg,,side,Cold Pressed Juice (Orange Carrot),착즙주스 (오렌지당근),음료&사이드,"{""menu"": ""착즙주스 (오렌지당근)"", ""calories_kcal"": 113.0, ""carbs_g"": 27.0, ""sugar_g"": 18.0, ""protein_g"": 1.0, ""fat_g"": 0.0, ""saturated_fat_g"": 0.0, ""sodium_mg"": 43.0}","{""menu"": ""착즙주스 (오렌지당근)"", ""calories_kcal"": 113.0, ""carbs_g"": 27.0, ""sugar_g"": 18.0, ""protein_g"": 1.0, ""fat_g"": 0.0, ""saturated_fat_g"": 0.0, ""sodium_mg"": 43.0}",,[],,https://salady.com/menu/list_3?type=side,[]
[],,salady,{},음료&사이드,,,,,salady_side_애사비사과스파클링,https://salady.com:443/superboard/data/topping/thumb/2026021111005117707752516933.png,,side,ACV Apple Sparkling,애사비 사과 스파클링,음료&사이드,"{""menu"": ""애사비 사과 스파클링"", ""calories_kcal"": 8.0, ""carbs_g"": 9.0, ""sugar_g"": 0.0, ""protein_g"": 0.0, ""fat_g"": 0.0, ""saturated_fat_g"": 0.0, ""sodium_mg"": 25.0}","{""menu"": ""애사비 사과 스파클링"", ""calories_kcal"": 8.0, ""carbs_g"": 9.0, ""sugar_g"": 0.0, ""protein_g"": 0.0, ""fat_g"": 0.0, ""saturated_fat_g"": 0.0, ""sodium_mg"": 25.0}",,[],,https://salady.com/menu/list_3?type=side,[]
[],,salady,{},음료&사이드,,,,,salady_side_생수,https://salady.com:443/superboard/data/topping/thumb/2022052515460016534611607662.jpg,,side,Water,생수,음료&사이드,"{""menu"": ""생수"", ""calories_kcal"": 0.0, ""carbs_g"": 0.0, ""sugar_g"": 0.0, ""protein_g"": 0.0, ""fat_g"": 0.0, ""saturated_fat_g"": 0.0, ""sodium_mg"": 0.0}","{""menu"": ""생수"", ""calories_kcal"": 0.0, ""carbs_g"": 0.0, ""sugar_g"": 0.0, ""protein_g"": 0.0, ""fat_g"": 0.0, ""saturated_fat_g"": 0.0, ""sodium_mg"": 0.0}",,[],,https://salady.com/menu/list_3?type=side,[]
[],,salady,{},음료&사이드,,,,,salady_side_카사바칩,https://salady.com:443/superboard/data/topping/thumb/2026081214442517865134652394.png,,side,Cassava Chip,카사바칩,음료&사이드,"{""menu"": ""카사바칩"", ""calories_kcal"": 244.5, ""carbs_g"": 35.5, ""sugar_g"": 0.5, ""protein_g"": 1.5, ""fat_g"": 10.5, ""saturated_fat_g"": 4.5, ""sodium_mg"": 71.5}","{""menu"": ""카사바칩"", ""calories_kcal"": 244.5, ""carbs_g"": 35.5, ""sugar_g"": 0.5, ""protein_g"": 1.5, ""fat_g"": 10.5, ""saturated_fat_g"": 4.5, ""sodium_mg"": 71.5}",,"[""VEGAN""]",,https://salady.com/menu/list_3?type=side,[]
[],,salady,{},음료&사이드,,,,,salady_side_양송이크림스프,https://salady.com:443/superboard/data/topping/thumb/2022052515485016534613308787.jpg,,side,Mushroom Cream Soup,양송이 크림스프,음료&사이드,"{""menu"": ""양송이 크림스프"", ""calories_kcal"": 123.8, ""carbs_g"": 8.8, ""sugar_g"": 3.8, ""protein_g"": 2.5, ""fat_g"": 8.8, ""saturated_fat_g"": 8.8, ""sodium_mg"": 588.8}","{""menu"": ""양송이 크림스프"", ""calories_kcal"": 123.8, ""carbs_g"": 8.8, ""sugar_g"": 3.8, ""protein_g"": 2.5, ""fat_g"": 8.8, ""saturated_fat_g"": 8.8, ""sodium_mg"": 588.8}",,[],,https://salady.com/menu/list_3?type=side,[]
[],,salady,{},음료&사이드,,,,,salady_side_단호박크림스프,https://salady.com:443/superboard/data/topping/thumb/2023110213193116988987719863.jpg,,side,Sweet Pumpkin Cream Soup,단호박 크림스프,음료&사이드,"{""menu"": ""단호박 크림스프"", ""calories_kcal"": 218.8, ""carbs_g"": 21.3, ""sugar_g"": 15.0, ""protein_g"": 2.5, ""fat_g"": 13.8, ""saturated_fat_g"": 10.0, ""sodium_mg"": 325.0}","{""menu"": ""단호박 크림스프"", ""calories_kcal"": 218.8, ""carbs_g"": 21.3, ""sugar_g"": 15.0, ""protein_g"": 2.5, ""fat_g"": 13.8, ""saturated_fat_g"": 10.0, ""sodium_mg"": 325.0}",,[],,https://salady.com/menu/list_3?type=side,[]
[],,salady,{},음료&사이드,,,,,salady_side_치킨토마토스튜,https://salady.com:443/superboard/data/topping/thumb/2024031813174317107354637845.jpg,,side,Chicken Tomato Stew,치킨토마토 스튜,음료&사이드,"{""menu"": ""치킨토마토 스튜"", ""calories_kcal"": 124.0, ""carbs_g"": 12.6, ""sugar_g"": 9.6, ""protein_g"": 14.0, ""fat_g"": 1.8, ""saturated_fat_g"": 0.4, ""sodium_mg"": 713.2}","{""menu"": ""치킨토마토 스튜"", ""calories_kcal"": 124.0, ""carbs_g"": 12.6, ""sugar_g"": 9.6, ""protein_g"": 14.0, ""fat_g"": 1.8, ""saturated_fat_g"": 0.4, ""sodium_mg"": 713.2}",,[],,https://salady.com/menu/list_3?type=side,[]
[],,salady,{},음료&사이드,,,,,salady_side_포테이토크림스프,https://salady.com:443/superboard/data/topping/thumb/2025021112094617392433861536.jpg,,side,Potato Cream Soup,포테이토 크림스프,음료&사이드,"{""menu"": ""포테이토 크림스프"", ""calories_kcal"": 120.0, ""carbs_g"": 18.0, ""sugar_g"": 9.0, ""protein_g"": 7.0, ""fat_g"": 112.0, ""saturated_fat_g"": 12.0, ""sodium_mg"": 600.0}","{""menu"": ""포테이토 크림스프"", ""calories_kcal"": 120.0, ""carbs_g"": 18.0, ""sugar_g"": 9.0, ""protein_g"": 7.0, ""fat_g"": 112.0, ""saturated_fat_g"": 12.0, ""sodium_mg"": 600.0}",,[],,https://salady.com/menu/list_3?type=side,[]
[],,salady_sandwich,{},토핑&드레싱,,,,,salady_sandwich_topping_고추장제육,https://salady.com:443/superboard/data/topping2/thumb/2026081215344817865164885823.png,,topping,Gochujang Bulgogi,고추장제육,토핑&드레싱,"{""menu"": ""고추장제육"", ""calories_kcal"": 92.8, ""carbs_g"": 8.5, ""sugar_g"": 5.1, ""protein_g"": 10.5, ""fat_g"": 1.9, ""saturated_fat_g"": 0.7, ""sodium_mg"": 375.0}","{""menu"": ""고추장제육"", ""calories_kcal"": 92.8, ""carbs_g"": 8.5, ""sugar_g"": 5.1, ""protein_g"": 10.5, ""fat_g"": 1.9, ""saturated_fat_g"": 0.7, ""sodium_mg"": 375.0}",,[],,https://salady.com/menu2/list_2?menu2=1&type=topping,[]
[],,salady_sandwich,{},토핑&드레싱,,,,,salady_sandwich_topping_닭가슴살,https://salady.com:443/superboard/data/topping2/thumb/2026051116124217784835628485.jpg,,topping,Chicken Breast,닭가슴살,토핑&드레싱,"{""menu"": ""닭가슴살"", ""calories_kcal"": 64.3, ""carbs_g"": 2.0, ""sugar_g"": 0.0, ""protein_g"": 13.1, ""fat_g"": 0.4, ""saturated_fat_g"": 0.4, ""sodium_mg"": 118.8}","{""menu"": ""닭가슴살"", ""calories_kcal"": 64.3, ""carbs_g"": 2.0, ""sugar_g"": 0.0, ""protein_g"": 13.1, ""fat_g"": 0.4, ""saturated_fat_g"": 0.4, ""sodium_mg"": 118.8}",,[],,https://salady.com/menu2/list_2?menu2=1&type=topping,[]
[],,salady_sandwich,{},토핑&드레싱,,,,,salady_sandwich_topping_그라브락스연어,https://salady.com/images/sub/topping_img_1.png,,topping,Gravlax Salmon,그라브락스 연어,토핑&드레싱,"{""menu"": ""그라브락스 연어"", ""calories_kcal"": 99.1, ""carbs_g"": 1.4, ""sugar_g"": 0.4, ""protein_g"": 12.8, ""fat_g"": 4.7, ""saturated_fat_g"": 0.5, ""sodium_mg"": 346.6}","{""menu"": ""그라브락스 연어"", ""calories_kcal"": 99.1, ""carbs_g"": 1.4, ""sugar_g"": 0.4, ""protein_g"": 12.8, ""fat_g"": 4.7, ""saturated_fat_g"": 0.5, ""sodium_mg"": 346.6}",,[],,https://salady.com/menu2/list_2?menu2=1&type=topping,[]
[],,salady_sandwich,{},토핑&드레싱,,,,,salady_sandwich_topping_로스트닭다리살,https://salady.com:443/superboard/data/topping2/thumb/2026051116153817784837381075.png,,topping,Roast Chicken Thigh,로스트닭다리살,토핑&드레싱,"{""menu"": ""로스트닭다리살"", ""calories_kcal"": 113.8, ""carbs_g"": 6.0, ""sugar_g"": 1.3, ""protein_g"": 10.5, ""fat_g"": 5.3, ""saturated_fat_g"": 2.1, ""sodium_mg"": 272.5}","{""menu"": ""로스트닭다리살"", ""calories_kcal"": 113.8, ""carbs_g"": 6.0, ""sugar_g"": 1.3, ""protein_g"": 10.5, ""fat_g"": 5.3, ""saturated_fat_g"": 2.1, ""sodium_mg"": 272.5}",,[],,https://salady.com/menu2/list_2?menu2=1&type=topping,[]
[],,salady_sandwich,{},토핑&드레싱,,,,,salady_sandwich_topping_그라운드비프,https://salady.com:443/superboard/data/topping2/thumb/2026051116172117784838413324.jpg,,topping,Ground Beef,그라운드비프,토핑&드레싱,"{""menu"": ""그라운드비프"", ""calories_kcal"": 108.0, ""carbs_g"": 0.0, ""sugar_g"": 0.0, ""protein_g"": 10.2, ""fat_g"": 7.2, ""saturated_fat_g"": 2.9, ""sodium_mg"": 38.4}","{""menu"": ""그라운드비프"", ""calories_kcal"": 108.0, ""carbs_g"": 0.0, ""sugar_g"": 0.0, ""protein_g"": 10.2, ""fat_g"": 7.2, ""saturated_fat_g"": 2.9, ""sodium_mg"": 38.4}",,[],,https://salady.com/menu2/list_2?menu2=1&type=topping,[]
[],,salady_sandwich,{},토핑&드레싱,,,,,salady_sandwich_topping_우삼겹,https://salady.com/images/sub/topping_img_1.png,,topping,Beef Loin,우삼겹,토핑&드레싱,"{""menu"": ""우삼겹"", ""calories_kcal"": 161.1, ""carbs_g"": 3.0, ""sugar_g"": 2.5, ""protein_g"": 9.3, ""fat_g"": 12.4, ""saturated_fat_g"": 5.1, ""sodium_mg"": 165.6}","{""menu"": ""우삼겹"", ""calories_kcal"": 161.1, ""carbs_g"": 3.0, ""sugar_g"": 2.5, ""protein_g"": 9.3, ""fat_g"": 12.4, ""saturated_fat_g"": 5.1, ""sodium_mg"": 165.6}",,[],,https://salady.com/menu2/list_2?menu2=1&type=topping,[]
[],,salady_sandwich,{},토핑&드레싱,,,,,salady_sandwich_topping_칩베이컨,https://salady.com:443/superboard/data/topping2/thumb/2026051116194817784839888875.jpg,,topping,Chip Bacon,칩베이컨,토핑&드레싱,"{""menu"": ""칩베이컨"", ""calories_kcal"": 66.3, ""carbs_g"": 0.7, ""sugar_g"": 0.4, ""protein_g"": 3.0, ""fat_g"": 5.7, ""saturated_fat_g"": 2.1, ""sodium_mg"": 105.6}","{""menu"": ""칩베이컨"", ""calories_kcal"": 66.3, ""carbs_g"": 0.7, ""sugar_g"": 0.4, ""protein_g"": 3.0, ""fat_g"": 5.7, ""saturated_fat_g"": 2.1, ""sodium_mg"": 105.6}",,[],,https://salady.com/menu2/list_2?menu2=1&type=topping,[]
[],,salady_sandwich,{},토핑&드레싱,,,,,salady_sandwich_topping_로스트삼겹,https://salady.com:443/superboard/data/topping2/thumb/2026051116202217784840225515.png,,topping,Roast Pork Belly,로스트삼겹,토핑&드레싱,"{""menu"": ""로스트삼겹"", ""calories_kcal"": 187.4, ""carbs_g"": 3.2, ""sugar_g"": 0.4, ""protein_g"": 9.0, ""fat_g"": 15.4, ""saturated_fat_g"": 4.8, ""sodium_mg"": 116.2}","{""menu"": ""로스트삼겹"", ""calories_kcal"": 187.4, ""carbs_g"": 3.2, ""sugar_g"": 0.4, ""protein_g"": 9.0, ""fat_g"": 15.4, ""saturated_fat_g"": 4.8, ""sodium_mg"": 116.2}",,[],,https://salady.com/menu2/list_2?menu2=1&type=topping,[]
[],,salady_sandwich,{},토핑&드레싱,,,,,salady_sandwich_topping_에그,https://salady.com:443/superboard/data/topping2/thumb/2026051116220317784841233893.jpg,,topping,Egg,에그,토핑&드레싱,"{""menu"": ""에그"", ""calories_kcal"": 72.5, ""carbs_g"": 0.7, ""sugar_g"": 0.1, ""protein_g"": 6.7, ""fat_g"": 4.3, ""saturated_fat_g"": 1.4, ""sodium_mg"": 64.0}","{""menu"": ""에그"", ""calories_kcal"": 72.5, ""carbs_g"": 0.7, ""sugar_g"": 0.1, ""protein_g"": 6.7, ""fat_g"": 4.3, ""saturated_fat_g"": 1.4, ""sodium_mg"": 64.0}",,[],,https://salady.com/menu2/list_2?menu2=1&type=topping,[]
[],,salady_sandwich,{},토핑&드레싱,,,,,salady_sandwich_topping_두부,https://salady.com:443/superboard/data/topping2/thumb/2026051116225717784841775793.jpg,,topping,Tofu,두부,토핑&드레싱,"{""menu"": ""두부"", ""calories_kcal"": 100.0, ""carbs_g"": 8.0, ""sugar_g"": 1.2, ""protein_g"": 4.2, ""fat_g"": 5.7, ""saturated_fat_g"": 0.7, ""sodium_mg"": 12.8}","{""menu"": ""두부"", ""calories_kcal"": 100.0, ""carbs_g"": 8.0, ""sugar_g"": 1.2, ""protein_g"": 4.2, ""fat_g"": 5.7, ""saturated_fat_g"": 0.7, ""sodium_mg"": 12.8}",,[],,https://salady.com/menu2/list_2?menu2=1&type=topping,[]
[],,salady_sandwich,{},토핑&드레싱,,,,,salady_sandwich_topping_잠봉슬라이스,https://salady.com:443/superboard/data/topping2/thumb/2026051116233717784842179237.png,,topping,Jambon Slices,잠봉 슬라이스,토핑&드레싱,"{""menu"": ""잠봉 슬라이스"", ""calories_kcal"": 34.4, ""carbs_g"": 0.6, ""sugar_g"": 0.3, ""protein_g"": 4.7, ""fat_g"": 1.4, ""saturated_fat_g"": 0.4, ""sodium_mg"": 250.0}","{""menu"": ""잠봉 슬라이스"", ""calories_kcal"": 34.4, ""carbs_g"": 0.6, ""sugar_g"": 0.3, ""protein_g"": 4.7, ""fat_g"": 1.4, ""saturated_fat_g"": 0.4, ""sodium_mg"": 250.0}",,[],,https://salady.com/menu2/list_2?menu2=1&type=topping,[]
[],,salady_sandwich,{},토핑&드레싱,,,,,salady_sandwich_topping_케이준쉬림프,https://salady.com:443/superboard/data/topping2/thumb/2026051116240717784842471062.png,,topping,Cajun Shrimp,케이준 쉬림프,토핑&드레싱,"{""menu"": ""케이준 쉬림프"", ""calories_kcal"": 36.9, ""carbs_g"": 0.1, ""sugar_g"": 0.1, ""protein_g"": 8.3, ""fat_g"": 0.6, ""saturated_fat_g"": 0.0, ""sodium_mg"": 332.5}","{""menu"": ""케이준 쉬림프"", ""calories_kcal"": 36.9, ""carbs_g"": 0.1, ""sugar_g"": 0.1, ""protein_g"": 8.3, ""fat_g"": 0.6, ""saturated_fat_g"": 0.0, ""sodium_mg"": 332.5}",,[],,https://salady.com/menu2/list_2?menu2=1&type=topping,[]
[],,salady_sandwich,{},토핑&드레싱,,,,,salady_sandwich_topping_스크램블에그,https://salady.com:443/superboard/data/topping2/thumb/2026051116244417784842847642.png,,topping,Scrambled Eggs,스크램블 에그,토핑&드레싱,"{""menu"": ""스크램블 에그"", ""calories_kcal"": 115.0, ""carbs_g"": 5.5, ""sugar_g"": 1.0, ""protein_g"": 4.0, ""fat_g"": 8.5, ""saturated_fat_g"": 1.4, ""sodium_mg"": 260.0}","{""menu"": ""스크램블 에그"", ""calories_kcal"": 115.0, ""carbs_g"": 5.5, ""sugar_g"": 1.0, ""protein_g"": 4.0, ""fat_g"": 8.5, ""saturated_fat_g"": 1.4, ""sodium_mg"": 260.0}",,[],,https://salady.com/menu2/list_2?menu2=1&type=topping,[]
[],,salady_sandwich,{},토핑&드레싱,,,,,salady_sandwich_topping_엑스트라버진올리브오일,https://salady.com:443/superboard/data/topping2/thumb/2026081215354917865165491896.png,,topping,Extra Virgin Olive Oil,엑스트라버진 올리브오일,토핑&드레싱,"{""menu"": ""엑스트라버진 올리브오일"", ""calories_kcal"": 90.0, ""carbs_g"": 0.0, ""sugar_g"": 0.0, ""protein_g"": 0.0, ""fat_g"": 10.0, ""saturated_fat_g"": 1.5, ""sodium_mg"": 0.0}","{""menu"": ""엑스트라버진 올리브오일"", ""calories_kcal"": 90.0, ""carbs_g"": 0.0, ""sugar_g"": 0.0, ""protein_g"": 0.0, ""fat_g"": 10.0, ""saturated_fat_g"": 1.5, ""sodium_mg"": 0.0}",,"[""VEGAN""]",,https://salady.com/menu2/list_2?menu2=1&type=topping,[]
[],,salady_sandwich,{},토핑&드레싱,,,,,salady_sandwich_topping_에그마요,https://salady.com:443/superboard/data/topping2/thumb/2026051116254017784843406550.jpg,,topping,Egg Mayo,에그마요,토핑&드레싱,"{""menu"": ""에그마요"", ""calories_kcal"": 122.5, ""carbs_g"": 2.5, ""sugar_g"": 0.0, ""protein_g"": 4.5, ""fat_g"": 10.5, ""saturated_fat_g"": 2.1, ""sodium_mg"": 140.0}","{""menu"": ""에그마요"", ""calories_kcal"": 122.5, ""carbs_g"": 2.5, ""sugar_g"": 0.0, ""protein_g"": 4.5, ""fat_g"": 10.5, ""saturated_fat_g"": 2.1, ""sodium_mg"": 140.0}",,[],,https://salady.com/menu2/list_2?menu2=1&type=topping,[]
[],,salady_sandwich,{},토핑&드레싱,,,,,salady_sandwich_topping_스윗포테이토,https://salady.com:443/superboard/data/topping2/thumb/2026051116261917784843794235.jpg,,topping,Sweet Potato,스윗포테이토,토핑&드레싱,"{""menu"": ""스윗포테이토"", ""calories_kcal"": 126.0, ""carbs_g"": 17.5, ""sugar_g"": 9.1, ""protein_g"": 1.4, ""fat_g"": 5.6, ""saturated_fat_g"": 1.0, ""sodium_mg"": 98.0}","{""menu"": ""스윗포테이토"", ""calories_kcal"": 126.0, ""carbs_g"": 17.5, ""sugar_g"": 9.1, ""protein_g"": 1.4, ""fat_g"": 5.6, ""saturated_fat_g"": 1.0, ""sodium_mg"": 98.0}",,[],,https://salady.com/menu2/list_2?menu2=1&type=topping,[]
[],,salady_sandwich,{},토핑&드레싱,,,,,salady_sandwich_topping_사워크림,https://salady.com:443/superboard/data/topping2/thumb/2026051116270417784844244182.jpg,,topping,Sour Cream,사워크림,토핑&드레싱,"{""menu"": ""사워크림"", ""calories_kcal"": 23.2, ""carbs_g"": 0.5, ""sugar_g"": 0.3, ""protein_g"": 0.3, ""fat_g"": 2.2, ""saturated_fat_g"": 1.4, ""sodium_mg"": 4.0}","{""menu"": ""사워크림"", ""calories_kcal"": 23.2, ""carbs_g"": 0.5, ""sugar_g"": 0.3, ""protein_g"": 0.3, ""fat_g"": 2.2, ""saturated_fat_g"": 1.4, ""sodium_mg"": 4.0}",,[],,https://salady.com/menu2/list_2?menu2=1&type=topping,[]
[],,salady_sandwich,{},토핑&드레싱,,,,,salady_sandwich_topping_바질페스토,https://salady.com:443/superboard/data/topping2/thumb/2026051116280417784844847272.jpg,,topping,Basil Pesto,바질페스토,토핑&드레싱,"{""menu"": ""바질페스토"", ""calories_kcal"": 119.0, ""carbs_g"": 0.5, ""sugar_g"": 1.8, ""protein_g"": 2.8, ""fat_g"": 10.7, ""saturated_fat_g"": 2.0, ""sodium_mg"": 171.0}","{""menu"": ""바질페스토"", ""calories_kcal"": 119.0, ""carbs_g"": 0.5, ""sugar_g"": 1.8, ""protein_g"": 2.8, ""fat_g"": 10.7, ""saturated_fat_g"": 2.0, ""sodium_mg"": 171.0}",,[],,https://salady.com/menu2/list_2?menu2=1&type=topping,[]
[],,salady_sandwich,{},토핑&드레싱,,,,,salady_sandwich_topping_바베큐소스,https://salady.com:443/superboard/data/topping2/thumb/2026051116291017784845505068.png,,topping,Barbeque Sauce,바베큐소스,토핑&드레싱,"{""menu"": ""바베큐소스"", ""calories_kcal"": 24.6, ""carbs_g"": 5.5, ""sugar_g"": 2.8, ""protein_g"": 0.3, ""fat_g"": 0.2, ""saturated_fat_g"": 0.0, ""sodium_mg"": 151.2}","{""menu"": ""바베큐소스"", ""calories_kcal"": 24.6, ""carbs_g"": 5.5, ""sugar_g"": 2.8, ""protein_g"": 0.3, ""fat_g"": 0.2, ""saturated_fat_g"": 0.0, ""sodium_mg"": 151.2}",,[],,https://salady.com/menu2/list_2?menu2=1&type=topping,[]
[],,salady_sandwich,{},토핑&드레싱,,,,,salady_sandwich_topping_화이트치즈소스,https://salady.com:443/superboard/data/topping2/thumb/2026051116294217784845822812.png,,topping,White Cheese Sauce,화이트치즈소스,토핑&드레싱,"{""menu"": ""화이트치즈소스"", ""calories_kcal"": 72.0, ""carbs_g"": 4.6, ""sugar_g"": 3.6, ""protein_g"": 0.4, ""fat_g"": 5.8, ""saturated_fat_g"": 1.6, ""sodium_mg"": 98.0}","{""menu"": ""화이트치즈소스"", ""calories_kcal"": 72.0, ""carbs_g"": 4.6, ""sugar_g"": 3.6, ""protein_g"": 0.4, ""fat_g"": 5.8, ""saturated_fat_g"": 1.6, ""sodium_mg"": 98.0}",,[],,https://salady.com/menu2/list_2?menu2=1&type=topping,[]
[],,salady_sandwich,{},토핑&드레싱,,,,,salady_sandwich_topping_올리브,https://salady.com:443/superboard/data/topping2/thumb/2026051116302717784846271602.jpg,,topping,Olive,올리브,토핑&드레싱,"{""menu"": ""올리브"", ""calories_kcal"": 31.5, ""carbs_g"": 1.8, ""sugar_g"": 0.0, ""protein_g"": 0.3, ""fat_g"": 2.9, ""saturated_fat_g"": 0.4, ""sodium_mg"": 264.0}","{""menu"": ""올리브"", ""calories_kcal"": 31.5, ""carbs_g"": 1.8, ""sugar_g"": 0.0, ""protein_g"": 0.3, ""fat_g"": 2.9, ""saturated_fat_g"": 0.4, ""sodium_mg"": 264.0}",,[],,https://salady.com/menu2/list_2?menu2=1&type=topping,[]
[],,salady_sandwich,{},토핑&드레싱,,,,,salady_sandwich_topping_할라피뇨,https://salady.com:443/superboard/data/topping2/thumb/2026051116313917784846996645.jpg,,topping,Jalapeno,할라피뇨,토핑&드레싱,"{""menu"": ""할라피뇨"", ""calories_kcal"": 6.7, ""carbs_g"": 1.3, ""sugar_g"": 0.0, ""protein_g"": 0.0, ""fat_g"": 0.0, ""saturated_fat_g"": 0.0, ""sodium_mg"": 293.2}","{""menu"": ""할라피뇨"", ""calories_kcal"": 6.7, ""carbs_g"": 1.3, ""sugar_g"": 0.0, ""protein_g"": 0.0, ""fat_g"": 0.0, ""saturated_fat_g"": 0.0, ""sodium_mg"": 293.2}",,[],,https://salady.com/menu2/list_2?menu2=1&type=topping,[]
[],,salady_sandwich,{},토핑&드레싱,,,,,salady_sandwich_topping_머쉬룸,https://salady.com:443/superboard/data/topping2/thumb/2026051116321717784847379383.jpg,,topping,Mushroom,머쉬룸,토핑&드레싱,"{""menu"": ""머쉬룸"", ""calories_kcal"": 59.1, ""carbs_g"": 3.3, ""sugar_g"": 0.4, ""protein_g"": 1.5, ""fat_g"": 5.6, ""saturated_fat_g"": 0.9, ""sodium_mg"": 1.1}","{""menu"": ""머쉬룸"", ""calories_kcal"": 59.1, ""carbs_g"": 3.3, ""sugar_g"": 0.4, ""protein_g"": 1.5, ""fat_g"": 5.6, ""saturated_fat_g"": 0.9, ""sodium_mg"": 1.1}",,[],,https://salady.com/menu2/list_2?menu2=1&type=topping,[]
[],,salady_sandwich,{},토핑&드레싱,,,,,salady_sandwich_topping_적채,https://salady.com:443/superboard/data/topping2/thumb/2026051116325317784847736645.png,,topping,Red Cabbage,적채,토핑&드레싱,"{""menu"": ""적채"", ""calories_kcal"": 6.2, ""carbs_g"": 1.4, ""sugar_g"": 0.7, ""protein_g"": 0.3, ""fat_g"": 0.0, ""saturated_fat_g"": 0.0, ""sodium_mg"": 1.1}","{""menu"": ""적채"", ""calories_kcal"": 6.2, ""carbs_g"": 1.4, ""sugar_g"": 0.7, ""protein_g"": 0.3, ""fat_g"": 0.0, ""saturated_fat_g"": 0.0, ""sodium_mg"": 1.1}",,[],,https://salady.com/menu2/list_2?menu2=1&type=topping,[]
[],,salady_sandwich,{},토핑&드레싱,,,,,salady_sandwich_topping_옥수수,https://salady.com:443/superboard/data/topping2/thumb/2026051116333417784848147115.jpg,,topping,Corn,옥수수,토핑&드레싱,"{""menu"": ""옥수수"", ""calories_kcal"": 19.5, ""carbs_g"": 3.6, ""sugar_g"": 2.1, ""protein_g"": 0.6, ""fat_g"": 0.3, ""saturated_fat_g"": 0.0, ""sodium_mg"": 78.0}","{""menu"": ""옥수수"", ""calories_kcal"": 19.5, ""carbs_g"": 3.6, ""sugar_g"": 2.1, ""protein_g"": 0.6, ""fat_g"": 0.3, ""saturated_fat_g"": 0.0, ""sodium_mg"": 78.0}",,[],,https://salady.com/menu2/list_2?menu2=1&type=topping,[]
[],,salady_sandwich,{},토핑&드레싱,,,,,salady_sandwich_topping_양파,https://salady.com:443/superboard/data/topping2/thumb/2026051116341217784848529348.jpg,,topping,Onion,양파,토핑&드레싱,"{""menu"": ""양파"", ""calories_kcal"": 8.7, ""carbs_g"": 2.0, ""sugar_g"": 1.7, ""protein_g"": 0.3, ""fat_g"": 0.0, ""saturated_fat_g"": 0.0, ""sodium_mg"": 0.9}","{""menu"": ""양파"", ""calories_kcal"": 8.7, ""carbs_g"": 2.0, ""sugar_g"": 1.7, ""protein_g"": 0.3, ""fat_g"": 0.0, ""saturated_fat_g"": 0.0, ""sodium_mg"": 0.9}",,[],,https://salady.com/menu2/list_2?menu2=1&type=topping,[]
[],,salady_sandwich,{},토핑&드레싱,,,,,salady_sandwich_topping_토마토,https://salady.com:443/superboard/data/topping2/thumb/2026051116360017784849603131.jpg,,topping,Tomato,토마토,토핑&드레싱,"{""menu"": ""토마토"", ""calories_kcal"": 7.6, ""carbs_g"": 1.7, ""sugar_g"": 0.9, ""protein_g"": 0.4, ""fat_g"": 0.1, ""saturated_fat_g"": 0.0, ""sodium_mg"": 0.8}","{""menu"": ""토마토"", ""calories_kcal"": 7.6, ""carbs_g"": 1.7, ""sugar_g"": 0.9, ""protein_g"": 0.4, ""fat_g"": 0.1, ""saturated_fat_g"": 0.0, ""sodium_mg"": 0.8}",,[],,https://salady.com/menu2/list_2?menu2=1&type=topping,[]
[],,salady_sandwich,{},토핑&드레싱,,,,,salady_sandwich_topping_당근라페,https://salady.com:443/superboard/data/topping2/thumb/2026051116363817784849986747.jpg,,topping,Carrot Rapees,당근라페,토핑&드레싱,"{""menu"": ""당근라페"", ""calories_kcal"": 27.7, ""carbs_g"": 4.1, ""sugar_g"": 3.7, ""protein_g"": 0.5, ""fat_g"": 1.1, ""saturated_fat_g"": 0.2, ""sodium_mg"": 44.1}","{""menu"": ""당근라페"", ""calories_kcal"": 27.7, ""carbs_g"": 4.1, ""sugar_g"": 3.7, ""protein_g"": 0.5, ""fat_g"": 1.1, ""saturated_fat_g"": 0.2, ""sodium_mg"": 44.1}",,[],,https://salady.com/menu2/list_2?menu2=1&type=topping,[]
[],,salady_sandwich,{},토핑&드레싱,,,,,salady_sandwich_topping_드라이토마토,https://salady.com/images/sub/topping_img_1.png,,topping,Dried Tomato,드라이토마토,토핑&드레싱,"{""menu"": ""드라이토마토"", ""calories_kcal"": 447.7, ""carbs_g"": 4.6, ""sugar_g"": 2.9, ""protein_g"": 0.5, ""fat_g"": 2.3, ""saturated_fat_g"": 0.5, ""sodium_mg"": 0.3}","{""menu"": ""드라이토마토"", ""calories_kcal"": 447.7, ""carbs_g"": 4.6, ""sugar_g"": 2.9, ""protein_g"": 0.5, ""fat_g"": 2.3, ""saturated_fat_g"": 0.5, ""sodium_mg"": 0.3}",,[],,https://salady.com/menu2/list_2?menu2=1&type=topping,[]
[],,salady_sandwich,{},토핑&드레싱,,,,,salady_sandwich_topping_파인애플,https://salady.com/images/sub/topping_img_1.png,,topping,Pineapple,파인애플,토핑&드레싱,"{""menu"": ""파인애플"", ""calories_kcal"": 22.8, ""carbs_g"": 5.7, ""sugar_g"": 5.1, ""protein_g"": 0.0, ""fat_g"": 0.0, ""saturated_fat_g"": 0.0, ""sodium_mg"": 0.6}","{""menu"": ""파인애플"", ""calories_kcal"": 22.8, ""carbs_g"": 5.7, ""sugar_g"": 5.1, ""protein_g"": 0.0, ""fat_g"": 0.0, ""saturated_fat_g"": 0.0, ""sodium_mg"": 0.6}",,[],,https://salady.com/menu2/list_2?menu2=1&type=topping,[]
[],,salady_sandwich,{},토핑&드레싱,,,,,salady_sandwich_topping_견과류,https://salady.com:443/superboard/data/topping2/thumb/2026051116392117784851616750.jpg,,topping,Nuts,견과류,토핑&드레싱,"{""menu"": ""견과류"", ""calories_kcal"": 90.7, ""carbs_g"": 4.9, ""sugar_g"": 0.5, ""protein_g"": 2.5, ""fat_g"": 6.8, ""saturated_fat_g"": 0.6, ""sodium_mg"": 0.3}","{""menu"": ""견과류"", ""calories_kcal"": 90.7, ""carbs_g"": 4.9, ""sugar_g"": 0.5, ""protein_g"": 2.5, ""fat_g"": 6.8, ""saturated_fat_g"": 0.6, ""sodium_mg"": 0.3}",,[],,https://salady.com/menu2/list_2?menu2=1&type=topping,[]
[],,salady_sandwich,{},토핑&드레싱,,,,,salady_sandwich_topping_김자반,https://salady.com:443/superboard/data/topping2/thumb/2026051116395217784851920219.png,,topping,Seaweed Flakes,김자반,토핑&드레싱,"{""menu"": ""김자반"", ""calories_kcal"": 17.3, ""carbs_g"": 1.1, ""sugar_g"": 0.4, ""protein_g"": 0.6, ""fat_g"": 1.2, ""saturated_fat_g"": 0.1, ""sodium_mg"": 33.0}","{""menu"": ""김자반"", ""calories_kcal"": 17.3, ""carbs_g"": 1.1, ""sugar_g"": 0.4, ""protein_g"": 0.6, ""fat_g"": 1.2, ""saturated_fat_g"": 0.1, ""sodium_mg"": 33.0}",,[],,https://salady.com/menu2/list_2?menu2=1&type=topping,[]
[],,salady_sandwich,{},토핑&드레싱,,,,,salady_sandwich_topping_나쵸칩,https://salady.com:443/superboard/data/topping2/thumb/2026051116402317784852236322.jpg,,topping,Nacho Chip,나쵸칩,토핑&드레싱,"{""menu"": ""나쵸칩"", ""calories_kcal"": 75.0, ""carbs_g"": 9.2, ""sugar_g"": 0.0, ""protein_g"": 1.1, ""fat_g"": 3.8, ""saturated_fat_g"": 0.3, ""sodium_mg"": 34.5}","{""menu"": ""나쵸칩"", ""calories_kcal"": 75.0, ""carbs_g"": 9.2, ""sugar_g"": 0.0, ""protein_g"": 1.1, ""fat_g"": 3.8, ""saturated_fat_g"": 0.3, ""sodium_mg"": 34.5}",,[],,https://salady.com/menu2/list_2?menu2=1&type=topping,[]
[],,salady_sandwich,{},토핑&드레싱,,,,,salady_sandwich_topping_양파플레이크,https://salady.com:443/superboard/data/topping2/thumb/2026051116404717784852479510.jpg,,topping,Onion Flake,양파플레이크,토핑&드레싱,"{""menu"": ""양파플레이크"", ""calories_kcal"": 55.1, ""carbs_g"": 5.5, ""sugar_g"": 1.1, ""protein_g"": 0.4, ""fat_g"": 3.5, ""saturated_fat_g"": 1.7, ""sodium_mg"": 5.0}","{""menu"": ""양파플레이크"", ""calories_kcal"": 55.1, ""carbs_g"": 5.5, ""sugar_g"": 1.1, ""protein_g"": 0.4, ""fat_g"": 3.5, ""saturated_fat_g"": 1.7, ""sodium_mg"": 5.0}",,[],,https://salady.com/menu2/list_2?menu2=1&type=topping,[]
[],,salady_sandwich,{},토핑&드레싱,,,,,salady_sandwich_topping_크랜베리,https://salady.com:443/superboard/data/topping2/thumb/2026051116412017784852804028.jpg,,topping,Cranberry,크랜베리,토핑&드레싱,"{""menu"": ""크랜베리"", ""calories_kcal"": 31.4, ""carbs_g"": 8.6, ""sugar_g"": 7.4, ""protein_g"": 0.0, ""fat_g"": 0.1, ""saturated_fat_g"": 0.0, ""sodium_mg"": 0.2}","{""menu"": ""크랜베리"", ""calories_kcal"": 31.4, ""carbs_g"": 8.6, ""sugar_g"": 7.4, ""protein_g"": 0.0, ""fat_g"": 0.1, ""saturated_fat_g"": 0.0, ""sodium_mg"": 0.2}",,[],,https://salady.com/menu2/list_2?menu2=1&type=topping,[]
[],,salady_sandwich,{},토핑&드레싱,,,,,salady_sandwich_topping_슈레드치즈,https://salady.com:443/superboard/data/topping2/thumb/2026051116422717784853470813.jpg,,topping,Shred cheese,슈레드치즈,토핑&드레싱,"{""menu"": ""슈레드치즈"", ""calories_kcal"": 65.0, ""carbs_g"": 0.0, ""sugar_g"": 0.0, ""protein_g"": 5.0, ""fat_g"": 4.3, ""saturated_fat_g"": 3.0, ""sodium_mg"": 85.0}","{""menu"": ""슈레드치즈"", ""calories_kcal"": 65.0, ""carbs_g"": 0.0, ""sugar_g"": 0.0, ""protein_g"": 5.0, ""fat_g"": 4.3, ""saturated_fat_g"": 3.0, ""sodium_mg"": 85.0}",,[],,https://salady.com/menu2/list_2?menu2=1&type=topping,[]
[],,salady_sandwich,{},토핑&드레싱,,,,,salady_sandwich_topping_몬테레이치즈,https://salady.com/images/sub/topping_img_1.png,,topping,Monterey Cheese,몬테레이치즈,토핑&드레싱,"{""menu"": ""몬테레이치즈"", ""calories_kcal"": 111.9, ""carbs_g"": 0.2, ""sugar_g"": 0.0, ""protein_g"": 7.3, ""fat_g"": 9.1, ""saturated_fat_g"": 5.7, ""sodium_mg"": 186.0}","{""menu"": ""몬테레이치즈"", ""calories_kcal"": 111.9, ""carbs_g"": 0.2, ""sugar_g"": 0.0, ""protein_g"": 7.3, ""fat_g"": 9.1, ""saturated_fat_g"": 5.7, ""sodium_mg"": 186.0}",,[],,https://salady.com/menu2/list_2?menu2=1&type=topping,[]
[],,salady_sandwich,{},토핑&드레싱,,,,,salady_sandwich_topping_후리가케,https://salady.com:443/superboard/data/topping2/thumb/2026051117053117784867314104.png,,topping,Furikake,후리가케,토핑&드레싱,"{""menu"": ""후리가케"", ""calories_kcal"": 12.5, ""carbs_g"": 1.6, ""sugar_g"": 0.1, ""protein_g"": 0.5, ""fat_g"": 0.5, ""saturated_fat_g"": 0.1, ""sodium_mg"": 69.0}","{""menu"": ""후리가케"", ""calories_kcal"": 12.5, ""carbs_g"": 1.6, ""sugar_g"": 0.1, ""protein_g"": 0.5, ""fat_g"": 0.5, ""saturated_fat_g"": 0.1, ""sodium_mg"": 69.0}",,[],,https://salady.com/menu2/list_2?menu2=1&type=topping,[]
[],,salady_sandwich,{},음료&사이드,,,,,salady_sandwich_side_코크제로,https://salady.com:443/superboard/data/topping2/thumb/2026051117114117784871016829.jpg,,side,Coke Zero,코크제로,음료&사이드,"{""menu"": ""코크제로"", ""calories_kcal"": 0.0, ""carbs_g"": 0.0, ""sugar_g"": 0.0, ""protein_g"": 0.0, ""fat_g"": 0.0, ""saturated_fat_g"": 0.0, ""sodium_mg"": 22.0}","{""menu"": ""코크제로"", ""calories_kcal"": 0.0, ""carbs_g"": 0.0, ""sugar_g"": 0.0, ""protein_g"": 0.0, ""fat_g"": 0.0, ""saturated_fat_g"": 0.0, ""sodium_mg"": 22.0}",,[],,https://salady.com/menu2/list_3?menu2=1&type=side,[]
[],,salady_sandwich,{},음료&사이드,,,,,salady_sandwich_side_아메리카노,https://salady.com:443/superboard/data/topping2/thumb/2026051117092617784869664824.jpg,,side,Coffee,아메리카노,음료&사이드,"{""menu"": ""아메리카노"", ""calories_kcal"": 22.5, ""carbs_g"": 2.4, ""sugar_g"": 0.0, ""protein_g"": 1.8, ""fat_g"": 0.5, ""saturated_fat_g"": 0.0, ""sodium_mg"": 24.3}","{""menu"": ""아메리카노"", ""calories_kcal"": 22.5, ""carbs_g"": 2.4, ""sugar_g"": 0.0, ""protein_g"": 1.8, ""fat_g"": 0.5, ""saturated_fat_g"": 0.0, ""sodium_mg"": 24.3}",,[],,https://salady.com/menu2/list_3?menu2=1&type=side,[]
[],,salady_sandwich,{},음료&사이드,,,,,salady_sandwich_side_그린밀싹,https://salady.com:443/superboard/data/topping2/thumb/2026051117100217784870020117.jpg,,side,Green Wheat Grass,그린밀싹,음료&사이드,"{""menu"": ""그린밀싹"", ""calories_kcal"": 120.0, ""carbs_g"": 28.0, ""sugar_g"": 22.0, ""protein_g"": 1.0, ""fat_g"": 0.0, ""saturated_fat_g"": 0.0, ""sodium_mg"": 39.0}","{""menu"": ""그린밀싹"", ""calories_kcal"": 120.0, ""carbs_g"": 28.0, ""sugar_g"": 22.0, ""protein_g"": 1.0, ""fat_g"": 0.0, ""saturated_fat_g"": 0.0, ""sodium_mg"": 39.0}",,[],,https://salady.com/menu2/list_3?menu2=1&type=side,[]
[],,salady_sandwich,{},음료&사이드,,,,,salady_sandwich_side_오렌지당근,https://salady.com:443/superboard/data/topping2/thumb/2026051117103917784870397620.jpg,,side,Orange Carrot,오렌지당근,음료&사이드,"{""menu"": ""오렌지당근"", ""calories_kcal"": 113.0, ""carbs_g"": 27.0, ""sugar_g"": 23.0, ""protein_g"": 1.0, ""fat_g"": 0.0, ""saturated_fat_g"": 0.0, ""sodium_mg"": 43.0}","{""menu"": ""오렌지당근"", ""calories_kcal"": 113.0, ""carbs_g"": 27.0, ""sugar_g"": 23.0, ""protein_g"": 1.0, ""fat_g"": 0.0, ""saturated_fat_g"": 0.0, ""sodium_mg"": 43.0}",,[],,https://salady.com/menu2/list_3?menu2=1&type=side,[]
[],,salady_sandwich,{},음료&사이드,,,,,salady_sandwich_side_레드클렌즈,https://salady.com:443/superboard/data/topping2/thumb/2026051117110917784870695278.jpg,,side,Red Cleanse,레드클렌즈,음료&사이드,"{""menu"": ""레드클렌즈"", ""calories_kcal"": 120.0, ""carbs_g"": 29.0, ""sugar_g"": 24.0, ""protein_g"": 1.2, ""fat_g"": 0.0, ""saturated_fat_g"": 0.0, ""sodium_mg"": 43.0}","{""menu"": ""레드클렌즈"", ""calories_kcal"": 120.0, ""carbs_g"": 29.0, ""sugar_g"": 24.0, ""protein_g"": 1.2, ""fat_g"": 0.0, ""saturated_fat_g"": 0.0, ""sodium_mg"": 43.0}",,[],,https://salady.com/menu2/list_3?menu2=1&type=side,[]
[],,salady_sandwich,{},음료&사이드,,,,,salady_sandwich_side_스프라이트제로,https://salady.com:443/superboard/data/topping2/thumb/2026051117120717784871274820.jpg,,side,Sprite Zero,스프라이트제로,음료&사이드,"{""menu"": ""스프라이트제로"", ""calories_kcal"": 0.0, ""carbs_g"": 0.0, ""sugar_g"": 0.0, ""protein_g"": 0.0, ""fat_g"": 0.0, ""saturated_fat_g"": 0.0, ""sodium_mg"": 11.0}","{""menu"": ""스프라이트제로"", ""calories_kcal"": 0.0, ""carbs_g"": 0.0, ""sugar_g"": 0.0, ""protein_g"": 0.0, ""fat_g"": 0.0, ""saturated_fat_g"": 0.0, ""sodium_mg"": 11.0}",,[],,https://salady.com/menu2/list_3?menu2=1&type=side,[]
[],,salady_sandwich,{},음료&사이드,,,,,salady_sandwich_side_애사비사과스파클링,https://salady.com:443/superboard/data/topping2/thumb/2026051117123017784871505705.png,,side,ACV Apple Sparkling,애사비 사과 스파클링,음료&사이드,"{""menu"": ""애사비 사과 스파클링"", ""calories_kcal"": 8.0, ""carbs_g"": 9.0, ""sugar_g"": 0.0, ""protein_g"": 0.0, ""fat_g"": 0.0, ""saturated_fat_g"": 0.0, ""sodium_mg"": 25.0}","{""menu"": ""애사비 사과 스파클링"", ""calories_kcal"": 8.0, ""carbs_g"": 9.0, ""sugar_g"": 0.0, ""protein_g"": 0.0, ""fat_g"": 0.0, ""saturated_fat_g"": 0.0, ""sodium_mg"": 25.0}",,[],,https://salady.com/menu2/list_3?menu2=1&type=side,[]
[],,salady_sandwich,{},음료&사이드,,,,,salady_sandwich_side_생수,https://salady.com:443/superboard/data/topping2/thumb/2026051117130517784871850805.jpg,,side,Water,생수,음료&사이드,"{""menu"": ""생수"", ""calories_kcal"": """", ""carbs_g"": """", ""sugar_g"": """", ""protein_g"": """", ""fat_g"": """", ""saturated_fat_g"": """", ""sodium_mg"": """"}","{""menu"": ""생수"", ""calories_kcal"": """", ""carbs_g"": """", ""sugar_g"": """", ""protein_g"": """", ""fat_g"": """", ""saturated_fat_g"": """", ""sodium_mg"": """"}",,[],,https://salady.com/menu2/list_3?menu2=1&type=side,[]
[],,salady_sandwich,{},음료&사이드,,,,,salady_sandwich_side_양송이크림스프,https://salady.com:443/superboard/data/topping2/thumb/2026051117143017784872709802.jpg,,side,Cream Of Mushroom Soup,양송이 크림스프,음료&사이드,"{""menu"": ""양송이 크림스프"", ""calories_kcal"": 150.0, ""carbs_g"": 12.0, ""sugar_g"": 4.0, ""protein_g"": 3.0, ""fat_g"": 10.0, ""saturated_fat_g"": 7.0, ""sodium_mg"": 561.0}","{""menu"": ""양송이 크림스프"", ""calories_kcal"": 150.0, ""carbs_g"": 12.0, ""sugar_g"": 4.0, ""protein_g"": 3.0, ""fat_g"": 10.0, ""saturated_fat_g"": 7.0, ""sodium_mg"": 561.0}",,[],,https://salady.com/menu2/list_3?menu2=1&type=side,[]
[],,salady_sandwich,{},음료&사이드,,,,,salady_sandwich_side_단호박크림스프,https://salady.com:443/superboard/data/topping2/thumb/2026051117145817784872987583.jpg,,side,Sweet Pumpkin Soup,단호박 크림스프,음료&사이드,"{""menu"": ""단호박 크림스프"", ""calories_kcal"": 218.8, ""carbs_g"": 21.3, ""sugar_g"": 15.0, ""protein_g"": 2.5, ""fat_g"": 13.8, ""saturated_fat_g"": 10.0, ""sodium_mg"": 325.0}","{""menu"": ""단호박 크림스프"", ""calories_kcal"": 218.8, ""carbs_g"": 21.3, ""sugar_g"": 15.0, ""protein_g"": 2.5, ""fat_g"": 13.8, ""saturated_fat_g"": 10.0, ""sodium_mg"": 325.0}",,[],,https://salady.com/menu2/list_3?menu2=1&type=side,[]
[],,salady_sandwich,{},음료&사이드,,,,,salady_sandwich_side_치킨토마토스튜,https://salady.com:443/superboard/data/topping2/thumb/2026051117152617784873262794.jpg,,side,Chicken Tomato Stew,치킨토마토 스튜,음료&사이드,"{""menu"": ""치킨토마토 스튜"", ""calories_kcal"": 124.0, ""carbs_g"": 12.6, ""sugar_g"": 9.6, ""protein_g"": 14.0, ""fat_g"": 1.8, ""saturated_fat_g"": 0.4, ""sodium_mg"": 713.2}","{""menu"": ""치킨토마토 스튜"", ""calories_kcal"": 124.0, ""carbs_g"": 12.6, ""sugar_g"": 9.6, ""protein_g"": 14.0, ""fat_g"": 1.8, ""saturated_fat_g"": 0.4, ""sodium_mg"": 713.2}",,[],,https://salady.com/menu2/list_3?menu2=1&type=side,[]
[],,salady_sandwich,{},음료&사이드,,,,,salady_sandwich_side_포테이토크림스프,https://salady.com:443/superboard/data/topping2/thumb/2026051117154917784873492201.jpg,,side,Potato Cream Soup,포테이토 크림스프,음료&사이드,"{""menu"": ""포테이토 크림스프"", ""calories_kcal"": 210.0, ""carbs_g"": 18.0, ""sugar_g"": 9.0, ""protein_g"": 7.0, ""fat_g"": 12.0, ""saturated_fat_g"": 12.0, ""sodium_mg"": 600.0}","{""menu"": ""포테이토 크림스프"", ""calories_kcal"": 210.0, ""carbs_g"": 18.0, ""sugar_g"": 9.0, ""protein_g"": 7.0, ""fat_g"": 12.0, ""saturated_fat_g"": 12.0, ""sodium_mg"": 600.0}",,[],,https://salady.com/menu2/list_3?menu2=1&type=side,[]
